STATION,STATION_NAME,DATE,DLY-PRCP-25PCTL,DLY-PRCP-50PCTL,DLY-PRCP-75PCTL,MTD-PRCP-NORMAL,MTD-SNOW-NORMAL,YTD-PRCP-NORMAL,YTD-SNOW-NORMAL,DLY-PRCP-PCTALL-GE001HI,DLY-PRCP-PCTALL-GE010HI,DLY-PRCP-PCTALL-GE050HI,DLY-PRCP-PCTALL-GE100HI,DLY-SNWD-PCTALL-GE001WI,DLY-SNWD-PCTALL-GE010WI,DLY-SNWD-PCTALL-GE003WI,DLY-SNWD-PCTALL-GE005WI,DLY-SNOW-PCTALL-GE001TI,DLY-SNOW-PCTALL-GE010TI,DLY-SNOW-PCTALL-GE100TI,DLY-SNOW-PCTALL-GE030TI,DLY-SNOW-PCTALL-GE050TI,DLY-TAVG-NORMAL,DLY-DUTR-NORMAL,DLY-TMAX-NORMAL,DLY-TMIN-NORMAL,DLY-TAVG-STDDEV,DLY-DUTR-STDDEV,DLY-TMAX-STDDEV,DLY-TMIN-STDDEV
GHCND:USW00012816,GAINESVILLE REGIONAL AIRPORT FL US,20100101,4,15,47,8,0,8,0,244,151,58,27,0,0,0,0,0,0,0,0,0,540,236,658,422,95,79,96,109
GHCND:USW00012816,GAINESVILLE REGIONAL AIRPORT FL US,20100102,4,15,47,17,0,17,0,245,152,59,28,0,0,0,0,0,0,0,0,0,540,236,658,422,94,80,96,108
GHCND:USW00012816,GAINESVILLE REGIONAL AIRPORT FL US,20100103,5,15,47,25,0,25,0,247,153,59,28,0,0,0,0,0,0,0,0,0,539,237,658,421,94,80,96,108
GHCND:USW00012816,GAINESVILLE REGIONAL AIRPORT FL US,20100104,5,15,47,33,0,33,0,249,154,59,29,0,0,0,0,0,0,0,0,0,539,237,657,421,94,80,96,108
GHCND:USW00012816,GAINESVILLE REGIONAL AIRPORT FL US,20100105,5,15,46,42,0,42,0,252,155,60,29,0,0,0,0,0,0,0,0,0,539,237,657,420,94,80,96,108
GHCND:USW00012816,GAINESVILLE REGIONAL AIRPORT FL US,20100106,5,15,46,51,0,51,0,254,157,60,30,0,0,0,0,0,0,0,0,0,538,237,657,420,93,80,95,107
GHCND:USW00012816,GAINESVILLE REGIONAL AIRPORT FL US,20100107,5,15,46,61,0,61,0,257,158,61,30,0,0,0,0,0,0,0,0,0,538,237,657,420,93,80,95,107
GHCND:USW00012816,GAINESVILLE REGIONAL AIRPORT FL US,20100108,5,15,47,70,0,70,0,259,160,61,31,0,0,0,0,0,0,0,0,0,538,238,657,419,93,80,95,107
GHCND:USW00012816,GAINESVILLE REGIONAL AIRPORT FL US,20100109,5,15,47,80,0,80,0,261,162,62,31,0,0,0,0,0,0,0,0,0,538,238,657,419,93,80,95,107
GHCND:USW00012816,GAINESVILLE REGIONAL AIRPORT FL US,20100110,5,16,47,89,0,89,0,264,164,63,32,0,0,0,0,0,0,0,0,0,538,238,657,419,93,80,95,107
GHCND:USW00012816,GAINESVILLE REGIONAL AIRPORT FL US,20100111,5,16,47,99,0,99,0,266,166,64,33,0,0,0,0,0,0,0,0,0,538,238,658,419,92,80,94,107
GHCND:USW00012816,GAINESVILLE REGIONAL AIRPORT FL US,20100112,5,16,47,109,0,109,0,268,169,65,34,0,0,0,0,0,0,0,0,0,539,238,658,419,92,80,94,106
GHCND:USW00012816,GAINESVILLE REGIONAL AIRPORT FL US,20100113,5,16,48,120,0,120,0,270,171,66,34,0,0,0,0,0,0,0,0,0,539,239,658,420,92,81,94,106
GHCND:USW00012816,GAINESVILLE REGIONAL AIRPORT FL US,20100114,5,16,48,131,0,131,0,272,173,67,35,0,0,0,0,0,0,0,0,0,539,239,659,420,91,81,93,106
GHCND:USW00012816,GAINESVILLE REGIONAL AIRPORT FL US,20100115,6,17,49,142,0,142,0,274,175,68,35,0,0,0,0,0,0,0,0,0,540,239,659,420,91,81,93,105
GHCND:USW00012816,GAINESVILLE REGIONAL AIRPORT FL US,20100116,6,17,49,153,0,153,0,275,176,68,35,0,0,0,0,0,0,0,0,0,540,239,660,421,91,81,93,105
GHCND:USW00012816,GAINESVILLE REGIONAL AIRPORT FL US,20100117,6,17,49,163,0,163,0,277,178,69,36,0,0,0,0,0,0,0,0,0,541,239,660,421,90,81,93,104
GHCND:USW00012816,GAINESVILLE REGIONAL AIRPORT FL US,20100118,6,17,50,175,0,175,0,278,180,70,36,0,0,0,0,0,0,0,0,0,541,239,661,421,90,81,93,104
GHCND:USW00012816,GAINESVILLE REGIONAL AIRPORT FL US,20100119,6,17,50,186,0,186,0,279,181,71,37,0,0,0,0,0,0,0,0,0,542,240,662,422,89,81,92,104
GHCND:USW00012816,GAINESVILLE REGIONAL AIRPORT FL US,20100120,6,17,51,198,0,198,0,280,182,72,37,0,0,0,0,0,0,0,0,0,543,240,662,423,89,81,92,103
GHCND:USW00012816,GAINESVILLE REGIONAL AIRPORT FL US,20100121,6,18,52,210,0,210,0,281,183,73,37,0,0,0,0,0,0,0,0,0,543,240,663,423,88,81,92,103
GHCND:USW00012816,GAINESVILLE REGIONAL AIRPORT FL US,20100122,6,18,52,223,0,223,0,281,184,73,37,0,0,0,0,0,0,0,0,0,544,240,664,424,88,82,91,102
GHCND:USW00012816,GAINESVILLE REGIONAL AIRPORT FL US,20100123,6,18,52,235,0,235,0,282,185,74,37,0,0,0,0,0,0,0,0,0,545,240,665,425,88,82,91,102
GHCND:USW00012816,GAINESVILLE REGIONAL AIRPORT FL US,20100124,6,18,53,248,0,248,0,283,186,74,37,0,0,0,0,0,0,0,0,0,546,240,666,426,87,82,91,101
GHCND:USW00012816,GAINESVILLE REGIONAL AIRPORT FL US,20100125,6,18,53,260,0,260,0,284,187,75,37,0,0,0,0,0,0,0,0,0,547,241,667,427,87,81,90,101
GHCND:USW00012816,GAINESVILLE REGIONAL AIRPORT FL US,20100126,6,18,53,273,0,273,0,284,187,75,37,0,0,0,0,0,0,0,0,0,548,241,668,427,87,81,90,101
GHCND:USW00012816,GAINESVILLE REGIONAL AIRPORT FL US,20100127,6,18,54,285,0,285,0,285,188,76,37,0,0,0,0,0,0,0,0,0,549,241,669,428,86,81,90,101
GHCND:USW00012816,GAINESVILLE REGIONAL AIRPORT FL US,20100128,6,18,54,297,0,297,0,285,188,76,38,0,0,0,0,0,0,0,0,0,550,241,670,429,86,81,90,101
GHCND:USW00012816,GAINESVILLE REGIONAL AIRPORT FL US,20100129,6,18,54,309,0,309,0,284,188,76,37,0,0,0,0,0,0,0,0,0,551,241,672,430,86,81,90,101
GHCND:USW00012816,GAINESVILLE REGIONAL AIRPORT FL US,20100130,6,19,55,321,0,321,0,284,187,77,37,0,0,0,0,0,0,0,0,0,552,241,673,432,86,81,89,100
GHCND:USW00012816,GAINESVILLE REGIONAL AIRPORT FL US,20100131,6,19,55,333,0,333,0,283,187,77,37,0,0,0,0,0,0,0,0,0,553,241,674,433,86,81,89,100
GHCND:USW00012816,GAINESVILLE REGIONAL AIRPORT FL US,20100201,6,19,56,11,0,344,0,282,186,78,37,0,0,0,0,0,0,0,0,0,555,241,675,434,86,81,89,100
GHCND:USW00012816,GAINESVILLE REGIONAL AIRPORT FL US,20100202,6,19,57,23,0,356,0,281,186,78,37,0,0,0,0,0,0,0,0,0,556,242,677,435,85,81,88,100
GHCND:USW00012816,GAINESVILLE REGIONAL AIRPORT FL US,20100203,6,19,57,34,0,367,0,280,184,79,37,0,0,0,0,0,0,0,0,0,557,242,678,436,85,81,88,100
GHCND:USW00012816,GAINESVILLE REGIONAL AIRPORT FL US,20100204,6,19,58,45,0,378,0,279,183,79,37,0,0,0,0,0,0,0,0,0,558,242,679,438,85,81,88,100
GHCND:USW00012816,GAINESVILLE REGIONAL AIRPORT FL US,20100205,6,19,59,55,0,388,0,277,182,80,37,0,0,0,0,0,0,0,0,0,560,242,681,439,85,81,87,100
GHCND:USW00012816,GAINESVILLE REGIONAL AIRPORT FL US,20100206,6,19,59,66,0,399,0,276,181,80,37,0,0,0,0,0,0,0,0,0,561,242,682,440,85,81,87,100
GHCND:USW00012816,GAINESVILLE REGIONAL AIRPORT FL US,20100207,6,19,60,76,0,409,0,274,179,80,36,0,0,0,0,0,0,0,0,0,563,242,684,442,84,81,87,100
GHCND:USW00012816,GAINESVILLE REGIONAL AIRPORT FL US,20100208,6,19,60,87,0,420,0,273,177,80,36,0,0,0,0,0,0,0,0,0,564,242,685,443,84,81,87,99
GHCND:USW00012816,GAINESVILLE REGIONAL AIRPORT FL US,20100209,6,19,61,99,0,432,0,272,176,81,36,0,0,0,0,0,0,0,0,0,565,242,687,444,84,80,86,99
GHCND:USW00012816,GAINESVILLE REGIONAL AIRPORT FL US,20100210,6,19,62,110,0,443,0,271,174,81,36,0,0,0,0,0,0,0,0,0,567,243,688,446,84,80,86,99
GHCND:USW00012816,GAINESVILLE REGIONAL AIRPORT FL US,20100211,5,19,62,122,0,455,0,269,173,81,36,0,0,0,0,0,0,0,0,0,568,243,690,447,84,80,86,99
GHCND:USW00012816,GAINESVILLE REGIONAL AIRPORT FL US,20100212,5,19,63,133,0,466,0,268,172,81,36,0,0,0,0,0,0,0,0,0,570,243,691,449,83,80,86,99
GHCND:USW00012816,GAINESVILLE REGIONAL AIRPORT FL US,20100213,5,19,63,144,0,477,0,267,171,81,37,0,0,0,0,0,0,0,0,0,572,243,693,450,83,80,86,99
GHCND:USW00012816,GAINESVILLE REGIONAL AIRPORT FL US,20100214,5,19,64,155,0,488,0,266,170,82,37,0,0,0,0,0,0,0,0,0,573,243,695,452,83,80,85,99
GHCND:USW00012816,GAINESVILLE REGIONAL AIRPORT FL US,20100215,5,19,64,166,0,499,0,265,169,82,37,0,0,0,0,0,0,0,0,0,575,243,696,453,83,80,85,98
GHCND:USW00012816,GAINESVILLE REGIONAL AIRPORT FL US,20100216,5,19,65,178,0,511,0,265,168,82,37,0,0,0,0,0,0,0,0,0,576,243,698,455,83,80,85,98
GHCND:USW00012816,GAINESVILLE REGIONAL AIRPORT FL US,20100217,5,19,65,189,0,522,0,264,167,82,37,0,0,0,0,0,0,0,0,0,578,243,700,456,83,79,85,98
GHCND:USW00012816,GAINESVILLE REGIONAL AIRPORT FL US,20100218,5,19,65,201,0,534,0,264,167,82,37,0,0,0,0,0,0,0,0,0,580,243,701,458,83,79,85,98
GHCND:USW00012816,GAINESVILLE REGIONAL AIRPORT FL US,20100219,5,19,65,212,0,545,0,263,167,83,37,0,0,0,0,0,0,0,0,0,581,244,703,459,83,79,85,98
GHCND:USW00012816,GAINESVILLE REGIONAL AIRPORT FL US,20100220,5,19,66,224,0,557,0,263,167,83,38,0,0,0,0,0,0,0,0,0,583,244,705,461,83,79,85,97
GHCND:USW00012816,GAINESVILLE REGIONAL AIRPORT FL US,20100221,5,19,67,235,0,568,0,263,168,84,38,0,0,0,0,0,0,0,0,0,585,244,706,463,82,79,85,97
GHCND:USW00012816,GAINESVILLE REGIONAL AIRPORT FL US,20100222,5,20,68,247,0,580,0,262,168,85,39,0,0,0,0,0,0,0,0,0,586,244,708,464,82,79,85,97
GHCND:USW00012816,GAINESVILLE REGIONAL AIRPORT FL US,20100223,5,20,68,259,0,592,0,262,168,85,39,0,0,0,0,0,0,0,0,0,588,244,710,466,82,78,85,97
GHCND:USW00012816,GAINESVILLE REGIONAL AIRPORT FL US,20100224,5,20,68,272,0,605,0,261,168,85,39,0,0,0,0,0,0,0,0,0,590,244,712,468,82,78,85,97
GHCND:USW00012816,GAINESVILLE REGIONAL AIRPORT FL US,20100225,5,20,68,284,0,617,0,260,168,85,39,0,0,0,0,0,0,0,0,0,591,244,713,469,82,78,84,97
GHCND:USW00012816,GAINESVILLE REGIONAL AIRPORT FL US,20100226,5,20,69,296,0,629,0,259,167,85,39,0,0,0,0,0,0,0,0,0,593,244,715,471,82,78,84,96
GHCND:USW00012816,GAINESVILLE REGIONAL AIRPORT FL US,20100227,5,20,69,308,0,641,0,259,168,85,39,0,0,0,0,0,0,0,0,0,595,244,717,473,81,78,84,96
GHCND:USW00012816,GAINESVILLE REGIONAL AIRPORT FL US,20100228,5,20,69,320,0,653,0,258,168,85,39,0,0,0,0,0,0,0,0,0,596,244,719,474,81,78,84,95
GHCND:USW00012816,GAINESVILLE REGIONAL AIRPORT FL US,20100301,6,21,69,14,0,667,0,258,169,85,39,0,0,0,0,0,0,0,0,0,598,245,720,476,81,78,84,95
GHCND:USW00012816,GAINESVILLE REGIONAL AIRPORT FL US,20100302,6,21,69,29,0,682,0,257,169,84,39,0,0,0,0,0,0,0,0,0,600,245,722,478,81,77,84,94
GHCND:USW00012816,GAINESVILLE REGIONAL AIRPORT FL US,20100303,6,21,69,44,0,697,0,256,170,84,40,0,0,0,0,0,0,0,0,0,602,245,724,479,81,77,84,94
GHCND:USW00012816,GAINESVILLE REGIONAL AIRPORT FL US,20100304,6,21,69,60,0,713,0,256,170,84,40,0,0,0,0,0,0,0,0,0,603,245,726,481,80,77,84,94
GHCND:USW00012816,GAINESVILLE REGIONAL AIRPORT FL US,20100305,6,21,70,76,0,729,0,255,170,83,40,0,0,0,0,0,0,0,0,0,605,245,727,483,80,77,84,93
GHCND:USW00012816,GAINESVILLE REGIONAL AIRPORT FL US,20100306,6,22,70,92,0,745,0,254,170,83,41,0,0,0,0,0,0,0,0,0,607,245,729,484,80,77,84,93
GHCND:USW00012816,GAINESVILLE REGIONAL AIRPORT FL US,20100307,6,22,70,108,0,761,0,253,170,83,41,0,0,0,0,0,0,0,0,0,608,245,731,486,79,77,83,92
GHCND:USW00012816,GAINESVILLE REGIONAL AIRPORT FL US,20100308,6,22,70,124,0,777,0,252,170,82,41,0,0,0,0,0,0,0,0,0,610,245,733,488,79,76,83,91
GHCND:USW00012816,GAINESVILLE REGIONAL AIRPORT FL US,20100309,7,22,70,138,0,791,0,251,170,81,41,0,0,0,0,0,0,0,0,0,612,245,734,489,78,76,82,91
GHCND:USW00012816,GAINESVILLE REGIONAL AIRPORT FL US,20100310,7,23,69,151,0,804,0,249,170,81,41,0,0,0,0,0,0,0,0,0,613,245,736,491,77,76,82,90
GHCND:USW00012816,GAINESVILLE REGIONAL AIRPORT FL US,20100311,7,23,69,165,0,818,0,248,170,80,40,0,0,0,0,0,0,0,0,0,615,245,738,492,77,76,81,89
GHCND:USW00012816,GAINESVILLE REGIONAL AIRPORT FL US,20100312,7,23,69,179,0,832,0,247,170,80,40,0,0,0,0,0,0,0,0,0,617,245,739,494,76,75,81,89
GHCND:USW00012816,GAINESVILLE REGIONAL AIRPORT FL US,20100313,7,23,68,193,0,846,0,246,170,79,40,0,0,0,0,0,0,0,0,0,618,245,741,496,75,75,80,88
GHCND:USW00012816,GAINESVILLE REGIONAL AIRPORT FL US,20100314,7,23,68,208,0,861,0,245,169,78,40,0,0,0,0,0,0,0,0,0,620,246,743,497,75,75,80,87
GHCND:USW00012816,GAINESVILLE REGIONAL AIRPORT FL US,20100315,7,23,68,222,0,875,0,244,169,78,40,0,0,0,0,0,0,0,0,0,622,246,744,499,74,74,79,87
GHCND:USW00012816,GAINESVILLE REGIONAL AIRPORT FL US,20100316,7,23,67,237,0,890,0,243,168,77,40,0,0,0,0,0,0,0,0,0,623,246,746,500,74,74,78,86
GHCND:USW00012816,GAINESVILLE REGIONAL AIRPORT FL US,20100317,7,23,67,251,0,904,0,242,168,76,39,0,0,0,0,0,0,0,0,0,625,246,748,502,73,74,78,85
GHCND:USW00012816,GAINESVILLE REGIONAL AIRPORT FL US,20100318,7,24,67,265,0,918,0,241,167,76,39,0,0,0,0,0,0,0,0,0,626,246,749,504,72,73,77,85
GHCND:USW00012816,GAINESVILLE REGIONAL AIRPORT FL US,20100319,7,23,66,279,0,932,0,239,165,74,38,0,0,0,0,0,0,0,0,0,628,246,751,505,72,73,76,84
GHCND:USW00012816,GAINESVILLE REGIONAL AIRPORT FL US,20100320,7,23,65,293,0,946,0,238,164,73,38,0,0,0,0,0,0,0,0,0,630,246,753,507,71,72,76,84
GHCND:USW00012816,GAINESVILLE REGIONAL AIRPORT FL US,20100321,7,23,64,306,0,959,0,236,162,72,37,0,0,0,0,0,0,0,0,0,631,246,754,508,70,72,75,83
GHCND:USW00012816,GAINESVILLE REGIONAL AIRPORT FL US,20100322,7,23,63,319,0,972,0,234,160,71,36,0,0,0,0,0,0,0,0,0,633,246,756,510,70,72,74,83
GHCND:USW00012816,GAINESVILLE REGIONAL AIRPORT FL US,20100323,7,23,62,332,0,985,0,233,159,70,36,0,0,0,0,0,0,0,0,0,634,247,758,511,69,71,74,82
GHCND:USW00012816,GAINESVILLE REGIONAL AIRPORT FL US,20100324,7,23,62,345,0,998,0,232,158,69,35,0,0,0,0,0,0,0,0,0,636,247,759,513,69,71,73,82
GHCND:USW00012816,GAINESVILLE REGIONAL AIRPORT FL US,20100325,7,23,62,357,0,1010,0,231,157,69,35,0,0,0,0,0,0,0,0,0,638,247,761,514,68,71,72,81
GHCND:USW00012816,GAINESVILLE REGIONAL AIRPORT FL US,20100326,7,23,62,370,0,1023,0,230,156,68,35,0,0,0,0,0,0,0,0,0,639,247,763,516,68,71,72,81
GHCND:USW00012816,GAINESVILLE REGIONAL AIRPORT FL US,20100327,7,23,61,383,0,1036,0,229,155,67,34,0,0,0,0,0,0,0,0,0,641,247,764,517,67,70,71,80
GHCND:USW00012816,GAINESVILLE REGIONAL AIRPORT FL US,20100328,7,23,61,395,0,1048,0,228,153,66,34,0,0,0,0,0,0,0,0,0,642,248,766,518,67,70,70,80
GHCND:USW00012816,GAINESVILLE REGIONAL AIRPORT FL US,20100329,7,23,61,408,0,1061,0,226,152,66,33,0,0,0,0,0,0,0,0,0,644,248,768,520,66,69,70,79
GHCND:USW00012816,GAINESVILLE REGIONAL AIRPORT FL US,20100330,7,23,61,420,0,1073,0,224,150,65,33,0,0,0,0,0,0,0,0,0,645,248,770,521,66,69,69,79
GHCND:USW00012816,GAINESVILLE REGIONAL AIRPORT FL US,20100331,6,23,60,433,0,1086,0,223,148,64,32,0,0,0,0,0,0,0,0,0,647,249,771,523,65,69,68,79
GHCND:USW00012816,GAINESVILLE REGIONAL AIRPORT FL US,20100401,6,23,60,11,0,1097,0,221,145,63,32,0,0,0,0,0,0,0,0,0,649,249,773,524,64,68,67,78
GHCND:USW00012816,GAINESVILLE REGIONAL AIRPORT FL US,20100402,6,23,59,21,0,1107,0,219,144,63,31,0,0,0,0,0,0,0,0,0,650,249,775,526,64,68,66,78
GHCND:USW00012816,GAINESVILLE REGIONAL AIRPORT FL US,20100403,6,22,59,31,0,1117,0,218,142,62,30,0,0,0,0,0,0,0,0,0,652,250,777,527,63,68,66,77
GHCND:USW00012816,GAINESVILLE REGIONAL AIRPORT FL US,20100404,6,22,58,41,0,1127,0,217,140,61,30,0,0,0,0,0,0,0,0,0,654,250,779,529,63,67,65,76
GHCND:USW00012816,GAINESVILLE REGIONAL AIRPORT FL US,20100405,6,22,58,51,0,1137,0,216,139,61,29,0,0,0,0,0,0,0,0,0,655,250,780,530,62,67,64,76
GHCND:USW00012816,GAINESVILLE REGIONAL AIRPORT FL US,20100406,5,22,57,61,0,1147,0,215,137,60,28,0,0,0,0,0,0,0,0,0,657,251,782,532,62,67,64,76
GHCND:USW00012816,GAINESVILLE REGIONAL AIRPORT FL US,20100407,5,22,57,71,0,1157,0,214,136,60,28,0,0,0,0,0,0,0,0,0,659,251,784,533,61,66,63,75
GHCND:USW00012816,GAINESVILLE REGIONAL AIRPORT FL US,20100408,5,21,57,82,0,1168,0,213,135,59,27,0,0,0,0,0,0,0,0,0,661,251,786,535,61,66,63,75
GHCND:USW00012816,GAINESVILLE REGIONAL AIRPORT FL US,20100409,5,21,56,92,0,1178,0,212,133,58,27,0,0,0,0,0,0,0,0,0,662,252,788,536,61,65,62,75
GHCND:USW00012816,GAINESVILLE REGIONAL AIRPORT FL US,20100410,5,21,56,102,0,1188,0,210,132,58,26,0,0,0,0,0,0,0,0,0,664,252,790,538,60,65,62,74
GHCND:USW00012816,GAINESVILLE REGIONAL AIRPORT FL US,20100411,5,21,55,112,0,1198,0,209,131,57,26,0,0,0,0,0,0,0,0,0,666,253,792,540,60,65,62,74
GHCND:USW00012816,GAINESVILLE REGIONAL AIRPORT FL US,20100412,5,21,55,121,0,1207,0,207,129,56,25,0,0,0,0,0,0,0,0,0,668,253,794,541,60,64,61,74
GHCND:USW00012816,GAINESVILLE REGIONAL AIRPORT FL US,20100413,5,20,54,131,0,1217,0,206,128,55,25,0,0,0,0,0,0,0,0,0,670,253,797,543,59,64,61,73
GHCND:USW00012816,GAINESVILLE REGIONAL AIRPORT FL US,20100414,5,20,54,139,0,1225,0,204,127,55,24,0,0,0,0,0,0,0,0,0,672,254,799,545,59,64,61,73
GHCND:USW00012816,GAINESVILLE REGIONAL AIRPORT FL US,20100415,5,20,54,147,0,1233,0,202,125,54,24,0,0,0,0,0,0,0,0,0,674,254,801,547,59,64,60,72
GHCND:USW00012816,GAINESVILLE REGIONAL AIRPORT FL US,20100416,4,20,53,156,0,1242,0,200,124,53,23,0,0,0,0,0,0,0,0,0,676,255,803,548,58,64,60,72
GHCND:USW00012816,GAINESVILLE REGIONAL AIRPORT FL US,20100417,4,20,54,164,0,1250,0,198,123,53,23,0,0,0,0,0,0,0,0,0,678,255,805,550,58,63,60,72
GHCND:USW00012816,GAINESVILLE REGIONAL AIRPORT FL US,20100418,4,20,54,172,0,1258,0,196,121,52,23,0,0,0,0,0,0,0,0,0,680,255,808,552,58,63,60,71
GHCND:USW00012816,GAINESVILLE REGIONAL AIRPORT FL US,20100419,4,19,54,181,0,1267,0,194,121,52,23,0,0,0,0,0,0,0,0,0,682,256,810,554,57,63,59,71
GHCND:USW00012816,GAINESVILLE REGIONAL AIRPORT FL US,20100420,4,19,54,189,0,1275,0,193,120,51,23,0,0,0,0,0,0,0,0,0,684,256,812,556,57,62,59,71
GHCND:USW00012816,GAINESVILLE REGIONAL AIRPORT FL US,20100421,4,19,53,198,0,1284,0,192,119,51,22,0,0,0,0,0,0,0,0,0,686,256,815,558,56,62,58,70
GHCND:USW00012816,GAINESVILLE REGIONAL AIRPORT FL US,20100422,4,19,53,206,0,1292,0,191,118,50,22,0,0,0,0,0,0,0,0,0,689,257,817,560,56,62,58,70
GHCND:USW00012816,GAINESVILLE REGIONAL AIRPORT FL US,20100423,4,19,53,214,0,1300,0,189,117,50,22,0,0,0,0,0,0,0,0,0,691,257,819,562,55,61,57,69
GHCND:USW00012816,GAINESVILLE REGIONAL AIRPORT FL US,20100424,4,19,53,222,0,1308,0,188,116,49,22,0,0,0,0,0,0,0,0,0,693,257,822,565,55,61,57,68
GHCND:USW00012816,GAINESVILLE REGIONAL AIRPORT FL US,20100425,4,19,53,229,0,1315,0,188,116,49,22,0,0,0,0,0,0,0,0,0,696,257,824,567,54,60,56,68
GHCND:USW00012816,GAINESVILLE REGIONAL AIRPORT FL US,20100426,4,18,53,237,0,1323,0,187,115,49,22,0,0,0,0,0,0,0,0,0,698,257,827,569,54,60,56,67
GHCND:USW00012816,GAINESVILLE REGIONAL AIRPORT FL US,20100427,4,18,52,245,0,1331,0,187,115,49,22,0,0,0,0,0,0,0,0,0,700,257,829,572,53,60,55,66
GHCND:USW00012816,GAINESVILLE REGIONAL AIRPORT FL US,20100428,4,18,52,252,0,1338,0,186,115,49,21,0,0,0,0,0,0,0,0,0,703,257,831,574,53,59,55,66
GHCND:USW00012816,GAINESVILLE REGIONAL AIRPORT FL US,20100429,4,18,52,260,0,1346,0,186,115,48,21,0,0,0,0,0,0,0,0,0,705,257,834,577,52,59,54,65
GHCND:USW00012816,GAINESVILLE REGIONAL AIRPORT FL US,20100430,4,18,52,267,0,1353,0,187,116,48,22,0,0,0,0,0,0,0,0,0,708,257,836,579,52,58,54,65
GHCND:USW00012816,GAINESVILLE REGIONAL AIRPORT FL US,20100501,4,18,52,6,0,1359,0,187,116,48,21,0,0,0,0,0,0,0,0,0,710,257,839,582,52,58,54,64
GHCND:USW00012816,GAINESVILLE REGIONAL AIRPORT FL US,20100502,4,18,52,12,0,1365,0,187,117,48,21,0,0,0,0,0,0,0,0,0,713,257,841,584,51,58,53,64
GHCND:USW00012816,GAINESVILLE REGIONAL AIRPORT FL US,20100503,4,18,52,18,0,1371,0,188,118,48,21,0,0,0,0,0,0,0,0,0,715,257,844,587,51,58,53,63
GHCND:USW00012816,GAINESVILLE REGIONAL AIRPORT FL US,20100504,4,18,52,24,0,1377,0,189,118,49,21,0,0,0,0,0,0,0,0,0,718,256,846,590,50,57,53,63
GHCND:USW00012816,GAINESVILLE REGIONAL AIRPORT FL US,20100505,4,18,52,30,0,1383,0,190,119,49,21,0,0,0,0,0,0,0,0,0,720,256,848,592,50,57,53,62
GHCND:USW00012816,GAINESVILLE REGIONAL AIRPORT FL US,20100506,4,18,52,36,0,1389,0,191,120,49,21,0,0,0,0,0,0,0,0,0,723,255,851,595,50,57,52,62
GHCND:USW00012816,GAINESVILLE REGIONAL AIRPORT FL US,20100507,4,18,52,43,0,1396,0,193,122,50,22,0,0,0,0,0,0,0,0,0,725,255,853,598,49,57,52,61
GHCND:USW00012816,GAINESVILLE REGIONAL AIRPORT FL US,20100508,4,18,53,49,0,1402,0,195,124,51,22,0,0,0,0,0,0,0,0,0,728,254,855,601,49,57,52,61
GHCND:USW00012816,GAINESVILLE REGIONAL AIRPORT FL US,20100509,5,18,53,56,0,1409,0,198,126,53,22,0,0,0,0,0,0,0,0,0,730,254,857,604,48,57,51,60
GHCND:USW00012816,GAINESVILLE REGIONAL AIRPORT FL US,20100510,5,18,54,63,0,1416,0,201,128,54,23,0,0,0,0,0,0,0,0,0,733,253,859,607,48,56,51,59
GHCND:USW00012816,GAINESVILLE REGIONAL AIRPORT FL US,20100511,5,18,55,69,0,1422,0,204,131,56,23,0,0,0,0,0,0,0,0,0,736,252,862,610,47,56,51,59
GHCND:USW00012816,GAINESVILLE REGIONAL AIRPORT FL US,20100512,5,18,55,76,0,1429,0,208,134,58,24,0,0,0,0,0,0,0,0,0,738,251,864,612,47,56,51,58
GHCND:USW00012816,GAINESVILLE REGIONAL AIRPORT FL US,20100513,5,18,56,83,0,1436,0,212,137,59,24,0,0,0,0,0,0,0,0,0,740,250,866,615,46,56,50,58
GHCND:USW00012816,GAINESVILLE REGIONAL AIRPORT FL US,20100514,5,18,57,89,0,1442,0,217,140,61,25,0,0,0,0,0,0,0,0,0,743,249,868,618,46,56,50,57
GHCND:USW00012816,GAINESVILLE REGIONAL AIRPORT FL US,20100515,5,18,57,96,0,1449,0,222,144,63,25,0,0,0,0,0,0,0,0,0,745,248,869,621,45,55,49,56
GHCND:USW00012816,GAINESVILLE REGIONAL AIRPORT FL US,20100516,5,18,57,103,0,1456,0,228,148,65,26,0,0,0,0,0,0,0,0,0,748,247,871,624,44,55,49,55
GHCND:USW00012816,GAINESVILLE REGIONAL AIRPORT FL US,20100517,5,19,58,109,0,1462,0,234,153,68,27,0,0,0,0,0,0,0,0,0,750,246,873,627,44,55,49,55
GHCND:USW00012816,GAINESVILLE REGIONAL AIRPORT FL US,20100518,5,19,58,117,0,1470,0,240,157,70,27,0,0,0,0,0,0,0,0,0,752,245,875,630,43,55,48,54
GHCND:USW00012816,GAINESVILLE REGIONAL AIRPORT FL US,20100519,5,19,59,124,0,1477,0,246,162,72,28,0,0,0,0,0,0,0,0,0,755,243,876,633,43,55,48,53
GHCND:USW00012816,GAINESVILLE REGIONAL AIRPORT FL US,20100520,5,19,59,132,0,1485,0,252,167,74,28,0,0,0,0,0,0,0,0,0,757,242,878,636,42,54,48,52
GHCND:USW00012816,GAINESVILLE REGIONAL AIRPORT FL US,20100521,5,19,60,141,0,1494,0,258,172,77,29,0,0,0,0,0,0,0,0,0,759,241,880,639,41,54,48,51
GHCND:USW00012816,GAINESVILLE REGIONAL AIRPORT FL US,20100522,5,20,60,150,0,1503,0,265,177,79,30,0,0,0,0,0,0,0,0,0,761,239,881,642,41,54,47,51
GHCND:USW00012816,GAINESVILLE REGIONAL AIRPORT FL US,20100523,6,20,60,159,0,1512,0,271,183,81,30,0,0,0,0,0,0,0,0,0,763,238,882,644,41,54,47,50
GHCND:USW00012816,GAINESVILLE REGIONAL AIRPORT FL US,20100524,6,20,60,169,0,1522,0,278,188,83,31,0,0,0,0,0,0,0,0,0,765,236,884,647,40,54,47,49
GHCND:USW00012816,GAINESVILLE REGIONAL AIRPORT FL US,20100525,6,20,60,180,0,1533,0,285,194,86,32,0,0,0,0,0,0,0,0,0,768,235,885,650,40,54,47,49
GHCND:USW00012816,GAINESVILLE REGIONAL AIRPORT FL US,20100526,6,20,61,190,0,1543,0,293,201,89,33,0,0,0,0,0,0,0,0,0,769,233,886,653,39,54,47,48
GHCND:USW00012816,GAINESVILLE REGIONAL AIRPORT FL US,20100527,6,20,61,201,0,1554,0,301,207,92,34,0,0,0,0,0,0,0,0,0,771,232,887,655,39,54,47,47
GHCND:USW00012816,GAINESVILLE REGIONAL AIRPORT FL US,20100528,6,21,62,212,0,1565,0,310,213,95,34,0,0,0,0,0,0,0,0,0,773,230,888,658,38,54,47,46
GHCND:USW00012816,GAINESVILLE REGIONAL AIRPORT FL US,20100529,6,21,62,224,0,1577,0,318,219,98,36,0,0,0,0,0,0,0,0,0,775,229,889,661,38,53,47,46
GHCND:USW00012816,GAINESVILLE REGIONAL AIRPORT FL US,20100530,6,21,62,236,0,1589,0,327,226,101,37,0,0,0,0,0,0,0,0,0,777,227,890,663,37,53,47,45
GHCND:USW00012816,GAINESVILLE REGIONAL AIRPORT FL US,20100531,6,21,63,248,0,1601,0,336,233,104,38,0,0,0,0,0,0,0,0,0,778,226,891,666,37,53,47,44
GHCND:USW00012816,GAINESVILLE REGIONAL AIRPORT FL US,20100601,6,21,63,18,0,1619,0,346,240,108,40,0,0,0,0,0,0,0,0,0,780,224,892,668,37,52,46,43
GHCND:USW00012816,GAINESVILLE REGIONAL AIRPORT FL US,20100602,6,22,64,36,0,1637,0,355,248,112,41,0,0,0,0,0,0,0,0,0,782,223,893,670,36,52,46,42
GHCND:USW00012816,GAINESVILLE REGIONAL AIRPORT FL US,20100603,6,22,64,54,0,1655,0,365,256,115,42,0,0,0,0,0,0,0,0,0,783,221,894,673,36,52,46,42
GHCND:USW00012816,GAINESVILLE REGIONAL AIRPORT FL US,20100604,6,22,64,72,0,1673,0,374,263,118,44,0,0,0,0,0,0,0,0,0,785,220,895,675,35,51,46,41
GHCND:USW00012816,GAINESVILLE REGIONAL AIRPORT FL US,20100605,7,22,64,91,0,1692,0,383,270,121,45,0,0,0,0,0,0,0,0,0,786,218,895,677,35,51,46,40
GHCND:USW00012816,GAINESVILLE REGIONAL AIRPORT FL US,20100606,7,22,64,110,0,1711,0,392,276,124,45,0,0,0,0,0,0,0,0,0,787,217,896,679,35,50,46,39
GHCND:USW00012816,GAINESVILLE REGIONAL AIRPORT FL US,20100607,7,22,64,129,0,1730,0,400,282,126,46,0,0,0,0,0,0,0,0,0,789,215,896,681,34,50,46,39
GHCND:USW00012816,GAINESVILLE REGIONAL AIRPORT FL US,20100608,7,23,64,149,0,1750,0,408,288,128,48,0,0,0,0,0,0,0,0,0,790,214,897,683,34,49,45,38
GHCND:USW00012816,GAINESVILLE REGIONAL AIRPORT FL US,20100609,7,23,64,171,0,1772,0,416,294,131,49,0,0,0,0,0,0,0,0,0,791,213,898,685,33,49,45,37
GHCND:USW00012816,GAINESVILLE REGIONAL AIRPORT FL US,20100610,7,23,63,192,0,1793,0,423,300,133,50,0,0,0,0,0,0,0,0,0,792,211,898,687,33,49,45,36
GHCND:USW00012816,GAINESVILLE REGIONAL AIRPORT FL US,20100611,7,23,63,215,0,1816,0,430,305,135,51,0,0,0,0,0,0,0,0,0,793,210,899,688,32,48,45,35
GHCND:USW00012816,GAINESVILLE REGIONAL AIRPORT FL US,20100612,7,23,63,238,0,1839,0,437,310,137,52,0,0,0,0,0,0,0,0,0,795,209,899,690,32,48,44,34
GHCND:USW00012816,GAINESVILLE REGIONAL AIRPORT FL US,20100613,7,23,63,262,0,1863,0,444,315,139,53,0,0,0,0,0,0,0,0,0,796,208,899,692,31,47,44,34
GHCND:USW00012816,GAINESVILLE REGIONAL AIRPORT FL US,20100614,7,23,63,287,0,1888,0,450,319,141,54,0,0,0,0,0,0,0,0,0,797,207,900,693,31,47,44,33
GHCND:USW00012816,GAINESVILLE REGIONAL AIRPORT FL US,20100615,7,23,63,313,0,1914,0,456,324,143,55,0,0,0,0,0,0,0,0,0,797,206,900,695,31,46,44,32
GHCND:USW00012816,GAINESVILLE REGIONAL AIRPORT FL US,20100616,7,23,63,340,0,1941,0,461,328,145,56,0,0,0,0,0,0,0,0,0,798,205,901,696,30,46,43,32
GHCND:USW00012816,GAINESVILLE REGIONAL AIRPORT FL US,20100617,7,23,63,367,0,1968,0,467,332,146,57,0,0,0,0,0,0,0,0,0,799,204,901,697,30,46,43,31
GHCND:USW00012816,GAINESVILLE REGIONAL AIRPORT FL US,20100618,7,23,63,393,0,1994,0,473,335,148,57,0,0,0,0,0,0,0,0,0,800,203,901,699,29,45,42,31
GHCND:USW00012816,GAINESVILLE REGIONAL AIRPORT FL US,20100619,7,23,63,419,0,2020,0,478,339,149,58,0,0,0,0,0,0,0,0,0,801,202,902,700,29,45,42,30
GHCND:USW00012816,GAINESVILLE REGIONAL AIRPORT FL US,20100620,7,23,63,444,0,2045,0,483,342,151,59,0,0,0,0,0,0,0,0,0,802,201,902,701,28,45,41,30
GHCND:USW00012816,GAINESVILLE REGIONAL AIRPORT FL US,20100621,7,23,63,469,0,2070,0,488,345,152,60,0,0,0,0,0,0,0,0,0,802,200,903,702,28,44,41,29
GHCND:USW00012816,GAINESVILLE REGIONAL AIRPORT FL US,20100622,7,23,63,496,0,2097,0,493,348,154,61,0,0,0,0,0,0,0,0,0,803,200,903,703,27,44,40,29
GHCND:USW00012816,GAINESVILLE REGIONAL AIRPORT FL US,20100623,7,23,63,522,0,2123,0,496,350,154,62,0,0,0,0,0,0,0,0,0,804,199,903,704,27,43,40,28
GHCND:USW00012816,GAINESVILLE REGIONAL AIRPORT FL US,20100624,7,23,62,549,0,2150,0,500,352,155,62,0,0,0,0,0,0,0,0,0,804,199,904,705,27,43,40,28
GHCND:USW00012816,GAINESVILLE REGIONAL AIRPORT FL US,20100625,7,23,62,576,0,2177,0,503,354,155,63,0,0,0,0,0,0,0,0,0,805,198,904,706,26,43,39,28
GHCND:USW00012816,GAINESVILLE REGIONAL AIRPORT FL US,20100626,7,23,62,603,0,2204,0,506,356,155,63,0,0,0,0,0,0,0,0,0,806,198,904,707,26,42,39,27
GHCND:USW00012816,GAINESVILLE REGIONAL AIRPORT FL US,20100627,7,23,61,630,0,2231,0,508,357,155,64,0,0,0,0,0,0,0,0,0,806,197,905,708,26,42,38,27
GHCND:USW00012816,GAINESVILLE REGIONAL AIRPORT FL US,20100628,7,22,61,657,0,2258,0,510,358,155,64,0,0,0,0,0,0,0,0,0,807,197,905,708,25,42,38,27
GHCND:USW00012816,GAINESVILLE REGIONAL AIRPORT FL US,20100629,7,22,60,684,0,2285,0,512,358,155,63,0,0,0,0,0,0,0,0,0,807,196,905,709,25,41,37,26
GHCND:USW00012816,GAINESVILLE REGIONAL AIRPORT FL US,20100630,7,22,60,712,0,2313,0,512,357,154,63,0,0,0,0,0,0,0,0,0,808,196,906,710,25,41,37,26
GHCND:USW00012816,GAINESVILLE REGIONAL AIRPORT FL US,20100701,7,22,59,22,0,2335,0,512,356,152,63,0,0,0,0,0,0,0,0,0,808,196,906,710,24,41,37,26
GHCND:USW00012816,GAINESVILLE REGIONAL AIRPORT FL US,20100702,7,22,59,43,0,2356,0,511,355,151,62,0,0,0,0,0,0,0,0,0,809,196,906,711,24,40,36,26
GHCND:USW00012816,GAINESVILLE REGIONAL AIRPORT FL US,20100703,7,22,58,64,0,2377,0,511,354,150,62,0,0,0,0,0,0,0,0,0,809,195,907,711,24,40,36,25
GHCND:USW00012816,GAINESVILLE REGIONAL AIRPORT FL US,20100704,7,22,58,86,0,2399,0,510,353,149,62,0,0,0,0,0,0,0,0,0,809,195,907,712,24,40,36,25
GHCND:USW00012816,GAINESVILLE REGIONAL AIRPORT FL US,20100705,7,21,58,107,0,2420,0,511,352,149,62,0,0,0,0,0,0,0,0,0,810,195,907,712,23,40,36,25
GHCND:USW00012816,GAINESVILLE REGIONAL AIRPORT FL US,20100706,7,21,57,129,0,2442,0,511,352,148,62,0,0,0,0,0,0,0,0,0,810,195,908,713,23,39,35,25
GHCND:USW00012816,GAINESVILLE REGIONAL AIRPORT FL US,20100707,7,21,57,150,0,2463,0,511,351,147,62,0,0,0,0,0,0,0,0,0,811,195,908,713,23,39,35,24
GHCND:USW00012816,GAINESVILLE REGIONAL AIRPORT FL US,20100708,7,21,57,171,0,2484,0,512,351,147,62,0,0,0,0,0,0,0,0,0,811,195,908,713,23,39,35,24
GHCND:USW00012816,GAINESVILLE REGIONAL AIRPORT FL US,20100709,7,21,56,193,0,2506,0,512,351,146,61,0,0,0,0,0,0,0,0,0,811,195,909,714,23,39,35,24
GHCND:USW00012816,GAINESVILLE REGIONAL AIRPORT FL US,20100710,7,21,56,213,0,2526,0,513,350,145,61,0,0,0,0,0,0,0,0,0,811,195,909,714,23,38,35,24
GHCND:USW00012816,GAINESVILLE REGIONAL AIRPORT FL US,20100711,7,21,55,234,0,2547,0,514,350,144,61,0,0,0,0,0,0,0,0,0,812,195,909,714,23,38,34,24
GHCND:USW00012816,GAINESVILLE REGIONAL AIRPORT FL US,20100712,7,20,55,253,0,2566,0,515,350,143,60,0,0,0,0,0,0,0,0,0,812,194,909,715,23,38,34,24
GHCND:USW00012816,GAINESVILLE REGIONAL AIRPORT FL US,20100713,7,20,54,272,0,2585,0,515,349,142,60,0,0,0,0,0,0,0,0,0,812,194,909,715,23,38,34,24
GHCND:USW00012816,GAINESVILLE REGIONAL AIRPORT FL US,20100714,7,20,54,291,0,2604,0,516,349,141,59,0,0,0,0,0,0,0,0,0,812,194,910,715,22,38,34,23
GHCND:USW00012816,GAINESVILLE REGIONAL AIRPORT FL US,20100715,7,20,53,309,0,2622,0,516,348,139,58,0,0,0,0,0,0,0,0,0,813,194,910,715,22,38,34,23
GHCND:USW00012816,GAINESVILLE REGIONAL AIRPORT FL US,20100716,7,20,53,327,0,2640,0,516,348,138,58,0,0,0,0,0,0,0,0,0,813,194,910,716,22,37,34,23
GHCND:USW00012816,GAINESVILLE REGIONAL AIRPORT FL US,20100717,7,20,52,346,0,2659,0,517,348,137,57,0,0,0,0,0,0,0,0,0,813,194,910,716,22,37,34,23
GHCND:USW00012816,GAINESVILLE REGIONAL AIRPORT FL US,20100718,7,20,52,365,0,2678,0,518,348,137,57,0,0,0,0,0,0,0,0,0,813,194,910,716,22,37,34,23
GHCND:USW00012816,GAINESVILLE REGIONAL AIRPORT FL US,20100719,7,20,52,385,0,2698,0,518,348,136,56,0,0,0,0,0,0,0,0,0,813,194,910,716,22,37,34,23
GHCND:USW00012816,GAINESVILLE REGIONAL AIRPORT FL US,20100720,6,19,51,404,0,2717,0,519,348,135,56,0,0,0,0,0,0,0,0,0,813,194,910,716,22,37,34,22
GHCND:USW00012816,GAINESVILLE REGIONAL AIRPORT FL US,20100721,6,19,51,423,0,2736,0,519,348,134,55,0,0,0,0,0,0,0,0,0,813,194,910,716,23,37,34,22
GHCND:USW00012816,GAINESVILLE REGIONAL AIRPORT FL US,20100722,6,19,50,442,0,2755,0,520,348,133,55,0,0,0,0,0,0,0,0,0,813,194,910,717,23,37,35,22
GHCND:USW00012816,GAINESVILLE REGIONAL AIRPORT FL US,20100723,6,19,50,461,0,2774,0,520,347,132,54,0,0,0,0,0,0,0,0,0,813,193,910,717,23,37,35,22
GHCND:USW00012816,GAINESVILLE REGIONAL AIRPORT FL US,20100724,6,19,50,479,0,2792,0,521,347,131,54,0,0,0,0,0,0,0,0,0,813,193,910,717,23,37,35,22
GHCND:USW00012816,GAINESVILLE REGIONAL AIRPORT FL US,20100725,6,19,49,498,0,2811,0,521,347,131,53,0,0,0,0,0,0,0,0,0,813,193,910,717,23,37,35,22
GHCND:USW00012816,GAINESVILLE REGIONAL AIRPORT FL US,20100726,6,19,49,516,0,2829,0,521,347,130,53,0,0,0,0,0,0,0,0,0,813,193,910,717,23,37,35,22
GHCND:USW00012816,GAINESVILLE REGIONAL AIRPORT FL US,20100727,6,19,49,534,0,2847,0,521,347,130,53,0,0,0,0,0,0,0,0,0,813,193,910,717,23,37,35,22
GHCND:USW00012816,GAINESVILLE REGIONAL AIRPORT FL US,20100728,6,18,49,552,0,2865,0,522,347,129,53,0,0,0,0,0,0,0,0,0,813,192,910,717,23,37,35,22
GHCND:USW00012816,GAINESVILLE REGIONAL AIRPORT FL US,20100729,6,18,49,570,0,2883,0,523,348,129,53,0,0,0,0,0,0,0,0,0,813,192,909,717,23,37,35,22
GHCND:USW00012816,GAINESVILLE REGIONAL AIRPORT FL US,20100730,6,18,49,588,0,2901,0,525,349,130,54,0,0,0,0,0,0,0,0,0,813,192,909,717,23,37,36,22
GHCND:USW00012816,GAINESVILLE REGIONAL AIRPORT FL US,20100731,6,18,49,607,0,2920,0,526,350,130,54,0,0,0,0,0,0,0,0,0,813,192,909,717,23,37,36,22
GHCND:USW00012816,GAINESVILLE REGIONAL AIRPORT FL US,20100801,6,18,49,20,0,2940,0,527,351,130,55,0,0,0,0,0,0,0,0,0,813,191,909,717,23,37,36,22
GHCND:USW00012816,GAINESVILLE REGIONAL AIRPORT FL US,20100802,6,18,49,41,0,2961,0,528,352,130,55,0,0,0,0,0,0,0,0,0,813,191,908,717,23,37,36,22
GHCND:USW00012816,GAINESVILLE REGIONAL AIRPORT FL US,20100803,6,18,49,61,0,2981,0,528,351,130,55,0,0,0,0,0,0,0,0,0,813,191,908,717,23,37,36,22
GHCND:USW00012816,GAINESVILLE REGIONAL AIRPORT FL US,20100804,6,18,49,81,0,3001,0,527,351,130,55,0,0,0,0,0,0,0,0,0,813,190,908,717,23,37,36,22
GHCND:USW00012816,GAINESVILLE REGIONAL AIRPORT FL US,20100805,6,18,49,100,0,3020,0,527,351,130,55,0,0,0,0,0,0,0,0,0,812,190,907,717,23,37,36,22
GHCND:USW00012816,GAINESVILLE REGIONAL AIRPORT FL US,20100806,6,18,49,120,0,3040,0,526,350,129,55,0,0,0,0,0,0,0,0,0,812,190,907,717,23,38,36,22
GHCND:USW00012816,GAINESVILLE REGIONAL AIRPORT FL US,20100807,6,18,49,139,0,3059,0,525,349,129,55,0,0,0,0,0,0,0,0,0,812,189,907,717,23,38,37,22
GHCND:USW00012816,GAINESVILLE REGIONAL AIRPORT FL US,20100808,5,18,49,159,0,3079,0,525,349,129,55,0,0,0,0,0,0,0,0,0,812,189,906,717,23,38,37,22
GHCND:USW00012816,GAINESVILLE REGIONAL AIRPORT FL US,20100809,5,18,49,179,0,3099,0,524,348,129,56,0,0,0,0,0,0,0,0,0,812,188,906,717,23,38,37,22
GHCND:USW00012816,GAINESVILLE REGIONAL AIRPORT FL US,20100810,5,18,49,200,0,3120,0,522,347,129,56,0,0,0,0,0,0,0,0,0,811,188,905,717,23,38,36,22
GHCND:USW00012816,GAINESVILLE REGIONAL AIRPORT FL US,20100811,5,18,49,221,0,3141,0,521,346,129,57,0,0,0,0,0,0,0,0,0,811,188,905,717,23,39,36,22
GHCND:USW00012816,GAINESVILLE REGIONAL AIRPORT FL US,20100812,5,18,49,242,0,3162,0,520,345,129,57,0,0,0,0,0,0,0,0,0,811,187,905,717,23,39,36,22
GHCND:USW00012816,GAINESVILLE REGIONAL AIRPORT FL US,20100813,5,18,49,264,0,3184,0,518,343,129,57,0,0,0,0,0,0,0,0,0,811,187,904,717,23,39,36,23
GHCND:USW00012816,GAINESVILLE REGIONAL AIRPORT FL US,20100814,5,18,49,285,0,3205,0,516,341,128,58,0,0,0,0,0,0,0,0,0,810,187,904,717,23,39,36,23
GHCND:USW00012816,GAINESVILLE REGIONAL AIRPORT FL US,20100815,5,18,49,307,0,3227,0,514,338,128,58,0,0,0,0,0,0,0,0,0,810,186,903,717,23,39,36,23
GHCND:USW00012816,GAINESVILLE REGIONAL AIRPORT FL US,20100816,5,18,49,328,0,3248,0,511,336,127,58,0,0,0,0,0,0,0,0,0,810,186,903,717,23,40,36,23
GHCND:USW00012816,GAINESVILLE REGIONAL AIRPORT FL US,20100817,5,18,49,349,0,3269,0,509,333,127,58,0,0,0,0,0,0,0,0,0,809,185,902,717,23,40,36,23
GHCND:USW00012816,GAINESVILLE REGIONAL AIRPORT FL US,20100818,5,18,49,370,0,3290,0,506,330,126,58,0,0,0,0,0,0,0,0,0,809,185,902,717,23,40,36,23
GHCND:USW00012816,GAINESVILLE REGIONAL AIRPORT FL US,20100819,4,18,49,390,0,3310,0,503,328,126,58,0,0,0,0,0,0,0,0,0,809,185,901,716,23,41,36,24
GHCND:USW00012816,GAINESVILLE REGIONAL AIRPORT FL US,20100820,4,18,49,410,0,3330,0,500,325,125,58,0,0,0,0,0,0,0,0,0,808,184,900,716,23,41,36,24
GHCND:USW00012816,GAINESVILLE REGIONAL AIRPORT FL US,20100821,4,18,50,430,0,3350,0,497,323,125,58,0,0,0,0,0,0,0,0,0,808,184,900,716,23,41,36,24
GHCND:USW00012816,GAINESVILLE REGIONAL AIRPORT FL US,20100822,4,18,50,451,0,3371,0,493,320,125,58,0,0,0,0,0,0,0,0,0,807,184,899,716,23,41,36,24
GHCND:USW00012816,GAINESVILLE REGIONAL AIRPORT FL US,20100823,4,18,50,473,0,3393,0,490,317,124,58,0,0,0,0,0,0,0,0,0,807,183,899,715,23,41,36,24
GHCND:USW00012816,GAINESVILLE REGIONAL AIRPORT FL US,20100824,4,18,50,494,0,3414,0,487,314,124,58,0,0,0,0,0,0,0,0,0,807,183,898,715,23,42,36,24
GHCND:USW00012816,GAINESVILLE REGIONAL AIRPORT FL US,20100825,4,18,50,516,0,3436,0,483,311,123,58,0,0,0,0,0,0,0,0,0,806,183,897,715,23,42,36,25
GHCND:USW00012816,GAINESVILLE REGIONAL AIRPORT FL US,20100826,4,18,51,537,0,3457,0,479,308,122,57,0,0,0,0,0,0,0,0,0,806,183,897,714,23,42,36,25
GHCND:USW00012816,GAINESVILLE REGIONAL AIRPORT FL US,20100827,4,18,51,558,0,3478,0,475,304,121,57,0,0,0,0,0,0,0,0,0,805,182,896,714,23,42,36,25
GHCND:USW00012816,GAINESVILLE REGIONAL AIRPORT FL US,20100828,4,18,50,579,0,3499,0,470,300,120,56,0,0,0,0,0,0,0,0,0,804,182,895,713,23,42,36,25
GHCND:USW00012816,GAINESVILLE REGIONAL AIRPORT FL US,20100829,4,18,50,599,0,3519,0,466,296,119,55,0,0,0,0,0,0,0,0,0,804,182,895,713,23,43,36,26
GHCND:USW00012816,GAINESVILLE REGIONAL AIRPORT FL US,20100830,4,17,50,619,0,3539,0,462,292,118,55,0,0,0,0,0,0,0,0,0,803,182,894,712,23,43,36,26
GHCND:USW00012816,GAINESVILLE REGIONAL AIRPORT FL US,20100831,4,17,50,639,0,3559,0,458,288,116,54,0,0,0,0,0,0,0,0,0,802,182,893,712,23,43,36,26
GHCND:USW00012816,GAINESVILLE REGIONAL AIRPORT FL US,20100901,4,17,50,17,0,3576,0,454,285,115,53,0,0,0,0,0,0,0,0,0,802,181,892,711,23,43,36,27
GHCND:USW00012816,GAINESVILLE REGIONAL AIRPORT FL US,20100902,4,17,49,35,0,3594,0,449,281,113,53,0,0,0,0,0,0,0,0,0,801,181,891,710,24,44,36,27
GHCND:USW00012816,GAINESVILLE REGIONAL AIRPORT FL US,20100903,4,17,49,53,0,3612,0,445,277,112,52,0,0,0,0,0,0,0,0,0,800,181,891,709,24,44,37,28
GHCND:USW00012816,GAINESVILLE REGIONAL AIRPORT FL US,20100904,4,17,49,70,0,3629,0,441,274,111,52,0,0,0,0,0,0,0,0,0,799,181,890,708,24,44,37,28
GHCND:USW00012816,GAINESVILLE REGIONAL AIRPORT FL US,20100905,4,17,49,87,0,3646,0,436,270,110,51,0,0,0,0,0,0,0,0,0,798,181,889,707,24,44,37,29
GHCND:USW00012816,GAINESVILLE REGIONAL AIRPORT FL US,20100906,4,17,49,104,0,3663,0,431,267,109,50,0,0,0,0,0,0,0,0,0,797,181,888,706,25,45,37,29
GHCND:USW00012816,GAINESVILLE REGIONAL AIRPORT FL US,20100907,4,17,49,120,0,3679,0,426,263,107,49,0,0,0,0,0,0,0,0,0,796,181,887,705,25,45,37,30
GHCND:USW00012816,GAINESVILLE REGIONAL AIRPORT FL US,20100908,4,17,49,137,0,3696,0,422,260,106,48,0,0,0,0,0,0,0,0,0,795,181,886,704,26,45,37,31
GHCND:USW00012816,GAINESVILLE REGIONAL AIRPORT FL US,20100909,4,17,50,152,0,3711,0,417,257,105,48,0,0,0,0,0,0,0,0,0,794,181,884,703,26,46,38,31
GHCND:USW00012816,GAINESVILLE REGIONAL AIRPORT FL US,20100910,4,17,50,167,0,3726,0,412,254,103,47,0,0,0,0,0,0,0,0,0,792,181,883,702,27,46,38,32
GHCND:USW00012816,GAINESVILLE REGIONAL AIRPORT FL US,20100911,4,17,50,182,0,3741,0,408,250,102,46,0,0,0,0,0,0,0,0,0,791,182,882,700,27,46,38,33
GHCND:USW00012816,GAINESVILLE REGIONAL AIRPORT FL US,20100912,4,17,50,197,0,3756,0,404,248,101,45,0,0,0,0,0,0,0,0,0,790,182,881,699,28,47,38,34
GHCND:USW00012816,GAINESVILLE REGIONAL AIRPORT FL US,20100913,4,17,51,211,0,3770,0,400,246,100,45,0,0,0,0,0,0,0,0,0,788,182,879,697,28,47,39,35
GHCND:USW00012816,GAINESVILLE REGIONAL AIRPORT FL US,20100914,4,17,51,226,0,3785,0,396,243,100,44,0,0,0,0,0,0,0,0,0,787,182,878,696,29,48,39,36
GHCND:USW00012816,GAINESVILLE REGIONAL AIRPORT FL US,20100915,4,16,51,240,0,3799,0,391,240,99,44,0,0,0,0,0,0,0,0,0,785,183,877,694,30,48,39,37
GHCND:USW00012816,GAINESVILLE REGIONAL AIRPORT FL US,20100916,4,16,52,254,0,3813,0,386,237,98,43,0,0,0,0,0,0,0,0,0,784,183,875,692,31,48,40,38
GHCND:USW00012816,GAINESVILLE REGIONAL AIRPORT FL US,20100917,4,16,52,268,0,3827,0,382,235,97,43,0,0,0,0,0,0,0,0,0,782,183,874,690,32,49,40,40
GHCND:USW00012816,GAINESVILLE REGIONAL AIRPORT FL US,20100918,4,16,52,282,0,3841,0,377,232,95,42,0,0,0,0,0,0,0,0,0,780,184,872,688,32,49,41,41
GHCND:USW00012816,GAINESVILLE REGIONAL AIRPORT FL US,20100919,4,16,52,297,0,3856,0,372,228,94,41,0,0,0,0,0,0,0,0,0,778,184,870,686,33,50,41,42
GHCND:USW00012816,GAINESVILLE REGIONAL AIRPORT FL US,20100920,4,16,52,312,0,3871,0,367,225,92,41,0,0,0,0,0,0,0,0,0,776,185,869,684,34,51,42,44
GHCND:USW00012816,GAINESVILLE REGIONAL AIRPORT FL US,20100921,4,16,52,324,0,3883,0,362,222,90,40,0,0,0,0,0,0,0,0,0,774,185,867,682,36,51,42,45
GHCND:USW00012816,GAINESVILLE REGIONAL AIRPORT FL US,20100922,4,16,51,337,0,3896,0,357,219,89,39,0,0,0,0,0,0,0,0,0,772,186,865,680,37,52,43,47
GHCND:USW00012816,GAINESVILLE REGIONAL AIRPORT FL US,20100923,4,16,51,351,0,3910,0,352,216,87,38,0,0,0,0,0,0,0,0,0,770,186,863,677,38,52,43,48
GHCND:USW00012816,GAINESVILLE REGIONAL AIRPORT FL US,20100924,4,16,51,364,0,3923,0,347,212,86,38,0,0,0,0,0,0,0,0,0,768,187,861,675,39,53,44,50
GHCND:USW00012816,GAINESVILLE REGIONAL AIRPORT FL US,20100925,4,16,51,377,0,3936,0,342,209,84,37,0,0,0,0,0,0,0,0,0,766,187,860,672,40,54,44,51
GHCND:USW00012816,GAINESVILLE REGIONAL AIRPORT FL US,20100926,4,16,51,390,0,3949,0,337,206,83,36,0,0,0,0,0,0,0,0,0,764,188,858,670,41,54,45,53
GHCND:USW00012816,GAINESVILLE REGIONAL AIRPORT FL US,20100927,4,16,51,404,0,3963,0,331,202,82,36,0,0,0,0,0,0,0,0,0,761,189,856,667,42,55,45,54
GHCND:USW00012816,GAINESVILLE REGIONAL AIRPORT FL US,20100928,4,16,51,417,0,3976,0,326,199,80,35,0,0,0,0,0,0,0,0,0,759,190,854,664,43,55,46,55
GHCND:USW00012816,GAINESVILLE REGIONAL AIRPORT FL US,20100929,4,16,51,430,0,3989,0,321,195,79,34,0,0,0,0,0,0,0,0,0,756,190,851,661,44,56,46,57
GHCND:USW00012816,GAINESVILLE REGIONAL AIRPORT FL US,20100930,4,16,51,442,0,4001,0,316,192,78,33,0,0,0,0,0,0,0,0,0,754,191,849,658,45,56,47,58
GHCND:USW00012816,GAINESVILLE REGIONAL AIRPORT FL US,20101001,4,16,52,14,0,4015,0,311,189,77,33,0,0,0,0,0,0,0,0,0,751,192,847,655,46,57,48,60
GHCND:USW00012816,GAINESVILLE REGIONAL AIRPORT FL US,20101002,4,16,52,27,0,4028,0,306,185,76,32,0,0,0,0,0,0,0,0,0,749,193,845,652,47,57,48,62
GHCND:USW00012816,GAINESVILLE REGIONAL AIRPORT FL US,20101003,4,16,51,40,0,4041,0,301,182,74,31,0,0,0,0,0,0,0,0,0,746,194,843,649,48,58,49,63
GHCND:USW00012816,GAINESVILLE REGIONAL AIRPORT FL US,20101004,4,15,51,52,0,4053,0,296,178,73,31,0,0,0,0,0,0,0,0,0,743,195,841,646,49,58,49,65
GHCND:USW00012816,GAINESVILLE REGIONAL AIRPORT FL US,20101005,4,15,51,65,0,4066,0,291,174,72,30,0,0,0,0,0,0,0,0,0,740,196,838,643,50,59,50,66
GHCND:USW00012816,GAINESVILLE REGIONAL AIRPORT FL US,20101006,4,15,51,76,0,4077,0,287,171,70,30,0,0,0,0,0,0,0,0,0,738,197,836,639,52,60,50,67
GHCND:USW00012816,GAINESVILLE REGIONAL AIRPORT FL US,20101007,4,15,50,88,0,4089,0,282,167,69,29,0,0,0,0,0,0,0,0,0,735,198,834,636,53,60,51,69
GHCND:USW00012816,GAINESVILLE REGIONAL AIRPORT FL US,20101008,4,15,50,100,0,4101,0,277,163,67,29,0,0,0,0,0,0,0,0,0,732,199,831,633,54,61,52,70
GHCND:USW00012816,GAINESVILLE REGIONAL AIRPORT FL US,20101009,4,14,49,111,0,4112,0,272,159,66,28,0,0,0,0,0,0,0,0,0,729,200,829,629,55,61,52,72
GHCND:USW00012816,GAINESVILLE REGIONAL AIRPORT FL US,20101010,4,14,49,121,0,4122,0,266,155,64,27,0,0,0,0,0,0,0,0,0,726,201,827,626,56,62,53,73
GHCND:USW00012816,GAINESVILLE REGIONAL AIRPORT FL US,20101011,4,14,48,131,0,4132,0,261,151,63,26,0,0,0,0,0,0,0,0,0,724,202,825,622,57,62,54,74
GHCND:USW00012816,GAINESVILLE REGIONAL AIRPORT FL US,20101012,4,14,48,140,0,4141,0,255,147,61,26,0,0,0,0,0,0,0,0,0,721,203,822,619,58,62,54,76
GHCND:USW00012816,GAINESVILLE REGIONAL AIRPORT FL US,20101013,4,14,47,150,0,4151,0,250,143,59,25,0,0,0,0,0,0,0,0,0,718,204,820,616,59,63,55,77
GHCND:USW00012816,GAINESVILLE REGIONAL AIRPORT FL US,20101014,4,14,46,160,0,4161,0,245,140,58,24,0,0,0,0,0,0,0,0,0,715,205,818,612,60,63,55,78
GHCND:USW00012816,GAINESVILLE REGIONAL AIRPORT FL US,20101015,4,14,46,169,0,4170,0,240,136,56,24,0,0,0,0,0,0,0,0,0,712,207,815,609,61,64,56,79
GHCND:USW00012816,GAINESVILLE REGIONAL AIRPORT FL US,20101016,3,14,45,179,0,4180,0,236,133,55,23,0,0,0,0,0,0,0,0,0,709,208,813,605,61,64,56,80
GHCND:USW00012816,GAINESVILLE REGIONAL AIRPORT FL US,20101017,3,14,45,188,0,4189,0,232,130,54,23,0,0,0,0,0,0,0,0,0,706,209,811,602,62,64,57,81
GHCND:USW00012816,GAINESVILLE REGIONAL AIRPORT FL US,20101018,3,14,45,196,0,4197,0,228,127,53,22,0,0,0,0,0,0,0,0,0,703,210,808,598,63,64,58,81
GHCND:USW00012816,GAINESVILLE REGIONAL AIRPORT FL US,20101019,3,13,44,205,0,4206,0,224,124,52,22,0,0,0,0,0,0,0,0,0,700,211,806,595,63,65,58,82
GHCND:USW00012816,GAINESVILLE REGIONAL AIRPORT FL US,20101020,3,13,44,213,0,4214,0,221,122,52,22,0,0,0,0,0,0,0,0,0,697,213,804,591,64,65,59,83
GHCND:USW00012816,GAINESVILLE REGIONAL AIRPORT FL US,20101021,3,13,44,220,0,4221,0,217,119,51,21,0,0,0,0,0,0,0,0,0,694,214,801,588,65,65,59,83
GHCND:USW00012816,GAINESVILLE REGIONAL AIRPORT FL US,20101022,3,13,45,228,0,4229,0,214,117,50,21,0,0,0,0,0,0,0,0,0,692,215,799,584,65,65,60,84
GHCND:USW00012816,GAINESVILLE REGIONAL AIRPORT FL US,20101023,3,13,44,235,0,4236,0,211,115,50,21,0,0,0,0,0,0,0,0,0,689,216,797,581,66,66,60,85
GHCND:USW00012816,GAINESVILLE REGIONAL AIRPORT FL US,20101024,3,13,45,241,0,4242,0,209,113,49,21,0,0,0,0,0,0,0,0,0,686,217,795,577,66,66,61,85
GHCND:USW00012816,GAINESVILLE REGIONAL AIRPORT FL US,20101025,3,13,45,248,0,4249,0,207,112,49,21,0,0,0,0,0,0,0,0,0,683,218,792,574,67,66,61,86
GHCND:USW00012816,GAINESVILLE REGIONAL AIRPORT FL US,20101026,3,13,45,255,0,4256,0,205,111,49,21,0,0,0,0,0,0,0,0,0,680,219,790,571,67,66,62,86
GHCND:USW00012816,GAINESVILLE REGIONAL AIRPORT FL US,20101027,3,13,45,261,0,4262,0,203,110,48,21,0,0,0,0,0,0,0,0,0,678,221,788,567,68,67,63,87
GHCND:USW00012816,GAINESVILLE REGIONAL AIRPORT FL US,20101028,3,13,45,268,0,4269,0,202,109,48,22,0,0,0,0,0,0,0,0,0,675,222,786,564,69,67,63,87
GHCND:USW00012816,GAINESVILLE REGIONAL AIRPORT FL US,20101029,3,13,45,275,0,4276,0,200,107,48,22,0,0,0,0,0,0,0,0,0,672,223,783,561,69,67,64,88
GHCND:USW00012816,GAINESVILLE REGIONAL AIRPORT FL US,20101030,3,12,45,281,0,4282,0,199,107,48,22,0,0,0,0,0,0,0,0,0,669,224,781,558,70,67,64,89
GHCND:USW00012816,GAINESVILLE REGIONAL AIRPORT FL US,20101031,4,12,45,288,0,4289,0,197,106,47,22,0,0,0,0,0,0,0,0,0,667,225,779,554,70,68,65,89
GHCND:USW00012816,GAINESVILLE REGIONAL AIRPORT FL US,20101101,4,12,44,7,0,4296,0,196,105,47,22,0,0,0,0,0,0,0,0,0,664,225,777,551,71,68,66,90
GHCND:USW00012816,GAINESVILLE REGIONAL AIRPORT FL US,20101102,4,12,44,14,0,4303,0,196,105,47,21,0,0,0,0,0,0,0,0,0,661,226,775,548,71,68,66,90
GHCND:USW00012816,GAINESVILLE REGIONAL AIRPORT FL US,20101103,4,12,44,21,0,4310,0,195,105,46,22,0,0,0,0,0,0,0,0,0,659,227,772,545,72,69,67,91
GHCND:USW00012816,GAINESVILLE REGIONAL AIRPORT FL US,20101104,4,13,44,27,0,4316,0,194,105,46,22,0,0,0,0,0,0,0,0,0,656,228,770,542,73,69,67,92
GHCND:USW00012816,GAINESVILLE REGIONAL AIRPORT FL US,20101105,4,13,44,34,0,4323,0,193,105,46,22,0,0,0,0,0,0,0,0,0,654,229,768,539,73,69,68,92
GHCND:USW00012816,GAINESVILLE REGIONAL AIRPORT FL US,20101106,4,13,44,41,0,4330,0,192,105,46,22,0,0,0,0,0,0,0,0,0,651,230,766,536,74,70,68,93
GHCND:USW00012816,GAINESVILLE REGIONAL AIRPORT FL US,20101107,4,13,44,49,0,4338,0,192,105,46,22,0,0,0,0,0,0,0,0,0,648,230,764,533,74,70,68,93
GHCND:USW00012816,GAINESVILLE REGIONAL AIRPORT FL US,20101108,4,13,44,56,0,4345,0,192,105,46,22,0,0,0,0,0,0,0,0,0,646,231,761,530,74,70,69,94
GHCND:USW00012816,GAINESVILLE REGIONAL AIRPORT FL US,20101109,4,13,44,63,0,4352,0,192,106,45,22,0,0,0,0,0,0,0,0,0,643,232,759,528,75,71,69,94
GHCND:USW00012816,GAINESVILLE REGIONAL AIRPORT FL US,20101110,4,13,44,71,0,4360,0,193,106,45,22,0,0,0,0,0,0,0,0,0,641,232,757,525,75,71,70,95
GHCND:USW00012816,GAINESVILLE REGIONAL AIRPORT FL US,20101111,4,13,44,78,0,4367,0,193,107,45,22,0,0,0,0,0,0,0,0,0,638,233,755,522,76,71,70,95
GHCND:USW00012816,GAINESVILLE REGIONAL AIRPORT FL US,20101112,4,13,44,85,0,4374,0,194,108,45,22,0,0,0,0,0,0,0,0,0,636,233,752,519,76,71,71,96
GHCND:USW00012816,GAINESVILLE REGIONAL AIRPORT FL US,20101113,4,13,44,92,0,4381,0,194,109,45,22,0,0,0,0,0,0,0,0,0,633,234,750,517,77,72,71,96
GHCND:USW00012816,GAINESVILLE REGIONAL AIRPORT FL US,20101114,4,13,43,99,0,4388,0,195,110,45,22,0,0,0,0,0,0,0,0,0,631,234,748,514,77,72,72,97
GHCND:USW00012816,GAINESVILLE REGIONAL AIRPORT FL US,20101115,4,13,43,105,0,4394,0,196,111,45,22,0,0,0,0,0,0,0,0,0,628,234,746,511,78,72,72,97
GHCND:USW00012816,GAINESVILLE REGIONAL AIRPORT FL US,20101116,4,13,44,112,0,4401,0,198,112,45,22,0,0,0,0,0,0,0,0,0,626,235,743,509,78,72,72,98
GHCND:USW00012816,GAINESVILLE REGIONAL AIRPORT FL US,20101117,4,13,44,119,0,4408,0,199,113,45,22,0,0,0,0,0,0,0,0,0,623,235,741,506,79,72,73,98
GHCND:USW00012816,GAINESVILLE REGIONAL AIRPORT FL US,20101118,4,13,44,125,0,4414,0,200,115,45,22,0,0,0,0,0,0,0,0,0,621,235,739,503,79,72,73,99
GHCND:USW00012816,GAINESVILLE REGIONAL AIRPORT FL US,20101119,4,13,44,132,0,4421,0,202,116,46,22,0,0,0,0,0,0,0,0,0,619,235,736,501,79,72,73,99
GHCND:USW00012816,GAINESVILLE REGIONAL AIRPORT FL US,20101120,4,13,43,138,0,4427,0,204,118,46,22,0,0,0,0,0,0,0,0,0,616,235,734,498,80,72,74,100
GHCND:USW00012816,GAINESVILLE REGIONAL AIRPORT FL US,20101121,4,14,43,145,0,4434,0,205,119,46,22,0,0,0,0,0,0,0,0,0,614,236,732,496,80,72,74,100
GHCND:USW00012816,GAINESVILLE REGIONAL AIRPORT FL US,20101122,4,14,43,151,0,4440,0,207,121,46,22,0,0,0,0,0,0,0,0,0,611,236,729,494,81,72,75,100
GHCND:USW00012816,GAINESVILLE REGIONAL AIRPORT FL US,20101123,4,14,43,157,0,4446,0,208,122,46,21,0,0,0,0,0,0,0,0,0,609,236,727,491,81,73,75,101
GHCND:USW00012816,GAINESVILLE REGIONAL AIRPORT FL US,20101124,4,14,42,164,0,4453,0,210,123,46,21,0,0,0,0,0,0,0,0,0,607,236,724,489,82,73,75,101
GHCND:USW00012816,GAINESVILLE REGIONAL AIRPORT FL US,20101125,4,14,42,171,0,4460,0,211,125,46,21,0,0,0,0,0,0,0,0,0,604,236,722,486,82,73,76,102
GHCND:USW00012816,GAINESVILLE REGIONAL AIRPORT FL US,20101126,4,14,41,177,0,4466,0,212,126,45,21,0,0,0,0,0,0,0,0,0,602,236,720,484,83,73,76,102
GHCND:USW00012816,GAINESVILLE REGIONAL AIRPORT FL US,20101127,4,14,41,184,0,4473,0,214,128,46,20,0,0,0,0,0,0,0,0,0,599,236,717,482,83,73,77,103
GHCND:USW00012816,GAINESVILLE REGIONAL AIRPORT FL US,20101128,4,15,42,191,0,4480,0,215,129,46,20,0,0,0,0,0,0,0,0,0,597,236,715,479,83,73,77,103
GHCND:USW00012816,GAINESVILLE REGIONAL AIRPORT FL US,20101129,4,15,42,198,0,4487,0,217,131,46,20,0,0,0,0,0,0,0,0,0,595,236,713,477,84,73,78,103
GHCND:USW00012816,GAINESVILLE REGIONAL AIRPORT FL US,20101130,4,15,42,206,0,4495,0,218,132,46,20,0,0,0,0,0,0,0,0,0,592,236,710,475,84,73,78,103
GHCND:USW00012816,GAINESVILLE REGIONAL AIRPORT FL US,20101201,4,15,42,7,0,4502,0,218,133,46,20,0,0,0,0,0,0,0,0,0,590,236,708,472,84,73,79,103
GHCND:USW00012816,GAINESVILLE REGIONAL AIRPORT FL US,20101202,4,15,42,14,0,4509,0,219,134,47,20,0,0,0,0,0,0,0,0,0,588,235,706,470,85,73,80,103
GHCND:USW00012816,GAINESVILLE REGIONAL AIRPORT FL US,20101203,4,15,42,22,0,4517,0,220,135,47,20,0,0,0,0,0,0,0,0,0,586,235,703,468,85,73,80,104
GHCND:USW00012816,GAINESVILLE REGIONAL AIRPORT FL US,20101204,4,15,42,29,0,4524,0,222,136,47,20,0,0,0,0,0,0,0,0,0,583,235,701,466,86,73,81,104
GHCND:USW00012816,GAINESVILLE REGIONAL AIRPORT FL US,20101205,4,15,42,37,0,4532,0,223,138,47,20,0,0,0,0,0,0,0,0,0,581,235,699,464,86,73,82,104
GHCND:USW00012816,GAINESVILLE REGIONAL AIRPORT FL US,20101206,4,15,42,45,0,4540,0,224,139,48,20,0,0,0,0,0,0,0,0,0,579,235,696,461,87,73,83,104
GHCND:USW00012816,GAINESVILLE REGIONAL AIRPORT FL US,20101207,4,16,43,52,0,4547,0,225,141,48,20,0,0,0,0,0,0,0,0,0,577,235,694,459,87,73,84,104
GHCND:USW00012816,GAINESVILLE REGIONAL AIRPORT FL US,20101208,4,16,43,59,0,4554,0,226,142,49,20,0,0,0,0,0,0,0,0,0,575,235,692,457,88,73,84,104
GHCND:USW00012816,GAINESVILLE REGIONAL AIRPORT FL US,20101209,4,16,44,67,0,4562,0,227,143,50,20,0,0,0,0,0,0,0,0,0,573,235,690,455,88,73,85,104
GHCND:USW00012816,GAINESVILLE REGIONAL AIRPORT FL US,20101210,4,16,44,74,0,4569,0,228,144,50,20,0,0,0,0,0,0,0,0,0,571,235,688,453,88,73,86,104
GHCND:USW00012816,GAINESVILLE REGIONAL AIRPORT FL US,20101211,4,16,44,82,0,4577,0,229,145,51,21,0,0,0,0,0,0,0,0,0,569,235,686,451,89,74,87,104
GHCND:USW00012816,GAINESVILLE REGIONAL AIRPORT FL US,20101212,4,16,44,90,0,4585,0,230,146,51,21,0,0,0,0,0,0,0,0,0,567,235,684,449,89,74,87,104
GHCND:USW00012816,GAINESVILLE REGIONAL AIRPORT FL US,20101213,4,16,44,98,0,4593,0,230,146,51,21,0,0,0,0,0,0,0,0,0,565,235,682,447,90,74,88,105
GHCND:USW00012816,GAINESVILLE REGIONAL AIRPORT FL US,20101214,4,16,44,105,0,4600,0,231,146,51,21,0,0,0,0,0,0,0,0,0,563,235,680,446,90,74,89,105
GHCND:USW00012816,GAINESVILLE REGIONAL AIRPORT FL US,20101215,4,16,44,113,0,4608,0,231,146,51,21,0,0,0,0,0,0,0,0,0,561,235,678,444,91,75,90,105
GHCND:USW00012816,GAINESVILLE REGIONAL AIRPORT FL US,20101216,4,16,44,120,0,4615,0,232,146,52,21,0,0,0,0,0,0,0,0,0,559,235,676,442,91,75,91,106
GHCND:USW00012816,GAINESVILLE REGIONAL AIRPORT FL US,20101217,4,16,44,127,0,4622,0,232,146,52,21,0,0,0,0,0,0,0,0,0,558,235,675,440,92,75,91,106
GHCND:USW00012816,GAINESVILLE REGIONAL AIRPORT FL US,20101218,4,16,44,135,0,4630,0,232,146,52,21,0,0,0,0,0,0,0,0,0,556,235,673,439,92,75,92,107
GHCND:USW00012816,GAINESVILLE REGIONAL AIRPORT FL US,20101219,4,15,44,143,0,4638,0,233,146,52,21,0,0,0,0,0,0,0,0,0,554,235,672,437,93,76,92,107
GHCND:USW00012816,GAINESVILLE REGIONAL AIRPORT FL US,20101220,4,15,44,151,0,4646,0,233,146,52,22,0,0,0,0,0,0,0,0,0,553,235,670,435,93,76,93,107
GHCND:USW00012816,GAINESVILLE REGIONAL AIRPORT FL US,20101221,4,15,44,160,0,4655,0,233,146,52,22,0,0,0,0,0,0,0,0,0,551,235,669,434,93,76,93,108
GHCND:USW00012816,GAINESVILLE REGIONAL AIRPORT FL US,20101222,4,15,44,168,0,4663,0,234,146,53,22,0,0,0,0,0,0,0,0,0,550,235,667,433,94,77,94,108
GHCND:USW00012816,GAINESVILLE REGIONAL AIRPORT FL US,20101223,4,15,44,176,0,4671,0,235,146,53,23,0,0,0,0,0,0,0,0,0,549,235,666,431,94,77,94,108
GHCND:USW00012816,GAINESVILLE REGIONAL AIRPORT FL US,20101224,4,15,44,184,0,4679,0,235,146,53,23,0,0,0,0,0,0,0,0,0,547,235,665,430,94,77,95,109
GHCND:USW00012816,GAINESVILLE REGIONAL AIRPORT FL US,20101225,4,15,45,192,0,4687,0,236,146,54,24,0,0,0,0,0,0,0,0,0,546,235,664,429,95,78,95,109
GHCND:USW00012816,GAINESVILLE REGIONAL AIRPORT FL US,20101226,4,15,45,200,0,4695,0,236,146,54,24,0,0,0,0,0,0,0,0,0,545,235,663,428,95,78,96,109
GHCND:USW00012816,GAINESVILLE REGIONAL AIRPORT FL US,20101227,4,15,45,207,0,4702,0,236,146,54,24,0,0,0,0,0,0,0,0,0,544,235,662,427,95,78,96,109
GHCND:USW00012816,GAINESVILLE REGIONAL AIRPORT FL US,20101228,4,15,45,215,0,4710,0,237,147,55,25,0,0,0,0,0,0,0,0,0,543,236,661,426,95,79,96,109
GHCND:USW00012816,GAINESVILLE REGIONAL AIRPORT FL US,20101229,4,15,45,222,0,4717,0,239,147,55,25,0,0,0,0,0,0,0,0,0,542,236,660,425,95,79,96,109
GHCND:USW00012816,GAINESVILLE REGIONAL AIRPORT FL US,20101230,4,15,46,230,0,4725,0,240,148,56,26,0,0,0,0,0,0,0,0,0,542,236,660,424,95,79,96,109
GHCND:USW00012816,GAINESVILLE REGIONAL AIRPORT FL US,20101231,4,15,46,238,0,4733,0,242,149,57,27,0,0,0,0,0,0,0,0,0,541,236,659,423,95,79,96,109
