STATION,STATION_NAME,DATE,DLY-PRCP-25PCTL,DLY-PRCP-50PCTL,DLY-PRCP-75PCTL,MTD-PRCP-NORMAL,MTD-SNOW-NORMAL,YTD-PRCP-NORMAL,YTD-SNOW-NORMAL,DLY-PRCP-PCTALL-GE001HI,DLY-PRCP-PCTALL-GE010HI,DLY-PRCP-PCTALL-GE050HI,DLY-PRCP-PCTALL-GE100HI,DLY-SNOW-PCTALL-GE001TI,DLY-SNOW-PCTALL-GE010TI,DLY-SNOW-PCTALL-GE100TI,DLY-SNOW-PCTALL-GE030TI,DLY-SNOW-PCTALL-GE050TI,DLY-TAVG-NORMAL,DLY-DUTR-NORMAL,DLY-TMAX-NORMAL,DLY-TMIN-NORMAL,DLY-TAVG-STDDEV,DLY-DUTR-STDDEV,DLY-TMAX-STDDEV,DLY-TMIN-STDDEV
GHCND:USW00023271,SACRAMENTO 5 ESE CA US,20100101,4,20,53,13,0,13,0,349,212,92,32,0,0,0,0,0,463,128,527,399,51,66,61,61
GHCND:USW00023271,SACRAMENTO 5 ESE CA US,20100102,4,20,53,26,0,26,0,350,212,92,32,0,0,0,0,0,464,128,527,400,51,67,61,61
GHCND:USW00023271,SACRAMENTO 5 ESE CA US,20100103,4,19,53,39,0,39,0,350,212,92,33,0,0,0,0,0,464,128,528,400,51,67,61,61
GHCND:USW00023271,SACRAMENTO 5 ESE CA US,20100104,4,19,53,51,0,51,0,351,212,92,33,0,0,0,0,0,464,128,528,400,51,67,61,61
GHCND:USW00023271,SACRAMENTO 5 ESE CA US,20100105,4,19,52,64,0,64,0,352,212,92,33,0,0,0,0,0,465,128,528,401,51,68,61,61
GHCND:USW00023271,SACRAMENTO 5 ESE CA US,20100106,4,19,52,76,0,76,0,352,212,91,33,0,0,0,0,0,465,128,529,401,50,68,61,61
GHCND:USW00023271,SACRAMENTO 5 ESE CA US,20100107,4,18,52,89,0,89,0,352,212,91,33,0,0,0,0,0,466,128,530,401,50,68,61,61
GHCND:USW00023271,SACRAMENTO 5 ESE CA US,20100108,4,18,52,102,0,102,0,352,211,91,33,0,0,0,0,0,466,129,531,402,50,68,60,60
GHCND:USW00023271,SACRAMENTO 5 ESE CA US,20100109,4,18,52,115,0,115,0,352,211,90,33,0,0,0,0,0,467,129,531,402,49,68,60,60
GHCND:USW00023271,SACRAMENTO 5 ESE CA US,20100110,4,18,52,129,0,129,0,352,212,90,33,0,0,0,0,0,468,130,532,403,49,69,60,60
GHCND:USW00023271,SACRAMENTO 5 ESE CA US,20100111,4,18,51,143,0,143,0,352,212,90,33,0,0,0,0,0,468,130,534,403,49,69,60,60
GHCND:USW00023271,SACRAMENTO 5 ESE CA US,20100112,4,18,51,157,0,157,0,353,212,90,33,0,0,0,0,0,469,131,535,404,48,69,59,59
GHCND:USW00023271,SACRAMENTO 5 ESE CA US,20100113,4,18,51,170,0,170,0,353,213,90,33,0,0,0,0,0,470,132,536,404,48,69,59,59
GHCND:USW00023271,SACRAMENTO 5 ESE CA US,20100114,4,18,51,184,0,184,0,354,213,90,33,0,0,0,0,0,471,133,537,405,48,69,59,59
GHCND:USW00023271,SACRAMENTO 5 ESE CA US,20100115,4,18,51,197,0,197,0,355,214,89,33,0,0,0,0,0,472,134,539,405,47,69,59,59
GHCND:USW00023271,SACRAMENTO 5 ESE CA US,20100116,4,18,50,210,0,210,0,356,215,89,33,0,0,0,0,0,473,135,540,406,47,69,59,58
GHCND:USW00023271,SACRAMENTO 5 ESE CA US,20100117,4,18,50,223,0,223,0,356,216,89,33,0,0,0,0,0,474,136,542,407,47,69,58,58
GHCND:USW00023271,SACRAMENTO 5 ESE CA US,20100118,4,18,51,236,0,236,0,357,217,90,33,0,0,0,0,0,476,137,544,407,47,69,58,58
GHCND:USW00023271,SACRAMENTO 5 ESE CA US,20100119,4,18,50,248,0,248,0,358,218,90,33,0,0,0,0,0,477,138,546,408,47,69,58,58
GHCND:USW00023271,SACRAMENTO 5 ESE CA US,20100120,4,18,51,260,0,260,0,359,219,90,33,0,0,0,0,0,478,139,548,409,47,69,58,58
GHCND:USW00023271,SACRAMENTO 5 ESE CA US,20100121,4,18,51,273,0,273,0,360,221,91,33,0,0,0,0,0,479,140,550,409,47,69,58,58
GHCND:USW00023271,SACRAMENTO 5 ESE CA US,20100122,5,19,51,285,0,285,0,361,223,91,33,0,0,0,0,0,481,142,552,410,47,69,58,58
GHCND:USW00023271,SACRAMENTO 5 ESE CA US,20100123,5,19,51,297,0,297,0,361,225,92,33,0,0,0,0,0,482,143,554,411,47,69,58,58
GHCND:USW00023271,SACRAMENTO 5 ESE CA US,20100124,5,19,51,310,0,310,0,360,226,92,33,0,0,0,0,0,484,144,556,412,47,69,58,58
GHCND:USW00023271,SACRAMENTO 5 ESE CA US,20100125,5,19,51,322,0,322,0,360,227,92,33,0,0,0,0,0,486,146,558,413,47,69,58,58
GHCND:USW00023271,SACRAMENTO 5 ESE CA US,20100126,5,19,51,334,0,334,0,359,228,92,33,0,0,0,0,0,487,147,561,414,47,69,58,58
GHCND:USW00023271,SACRAMENTO 5 ESE CA US,20100127,5,20,51,346,0,346,0,358,229,92,33,0,0,0,0,0,489,149,563,414,47,69,58,58
GHCND:USW00023271,SACRAMENTO 5 ESE CA US,20100128,5,20,51,359,0,359,0,358,230,93,33,0,0,0,0,0,491,150,566,415,47,69,58,58
GHCND:USW00023271,SACRAMENTO 5 ESE CA US,20100129,5,20,51,371,0,371,0,357,231,93,33,0,0,0,0,0,492,152,568,416,47,69,58,58
GHCND:USW00023271,SACRAMENTO 5 ESE CA US,20100130,5,20,51,384,0,384,0,356,232,93,33,0,0,0,0,0,494,153,571,417,47,69,58,58
GHCND:USW00023271,SACRAMENTO 5 ESE CA US,20100131,6,20,51,397,0,397,0,356,234,93,33,0,0,0,0,0,496,155,573,419,47,69,58,58
GHCND:USW00023271,SACRAMENTO 5 ESE CA US,20100201,6,20,51,13,0,410,0,355,235,93,33,0,0,0,0,0,498,156,576,420,46,69,58,58
GHCND:USW00023271,SACRAMENTO 5 ESE CA US,20100202,6,21,52,26,0,423,0,356,237,94,33,0,0,0,0,0,500,158,579,421,46,69,58,57
GHCND:USW00023271,SACRAMENTO 5 ESE CA US,20100203,6,21,52,39,0,436,0,356,239,95,33,0,0,0,0,0,502,160,581,422,46,69,58,57
GHCND:USW00023271,SACRAMENTO 5 ESE CA US,20100204,6,21,52,53,0,450,0,357,240,96,33,0,0,0,0,0,504,161,584,423,46,69,59,57
GHCND:USW00023271,SACRAMENTO 5 ESE CA US,20100205,6,21,52,68,0,465,0,358,242,96,33,0,0,0,0,0,506,163,587,424,46,69,59,57
GHCND:USW00023271,SACRAMENTO 5 ESE CA US,20100206,6,21,52,81,0,478,0,359,245,97,33,0,0,0,0,0,508,164,590,426,47,69,59,56
GHCND:USW00023271,SACRAMENTO 5 ESE CA US,20100207,6,21,52,95,0,492,0,361,247,98,33,0,0,0,0,0,510,166,593,427,47,69,60,56
GHCND:USW00023271,SACRAMENTO 5 ESE CA US,20100208,7,22,52,108,0,505,0,362,248,99,33,0,0,0,0,0,512,167,595,428,47,69,60,56
GHCND:USW00023271,SACRAMENTO 5 ESE CA US,20100209,7,22,53,121,0,518,0,363,250,100,33,0,0,0,0,0,514,169,598,430,47,69,60,56
GHCND:USW00023271,SACRAMENTO 5 ESE CA US,20100210,7,22,53,134,0,531,0,364,251,101,33,0,0,0,0,0,516,170,601,431,47,69,61,55
GHCND:USW00023271,SACRAMENTO 5 ESE CA US,20100211,7,22,53,146,0,543,0,365,253,101,33,0,0,0,0,0,518,171,604,432,47,69,61,55
GHCND:USW00023271,SACRAMENTO 5 ESE CA US,20100212,7,22,53,159,0,556,0,366,254,102,33,0,0,0,0,0,520,173,606,434,47,69,61,55
GHCND:USW00023271,SACRAMENTO 5 ESE CA US,20100213,7,22,53,172,0,569,0,366,255,102,32,0,0,0,0,0,522,174,609,435,47,69,62,55
GHCND:USW00023271,SACRAMENTO 5 ESE CA US,20100214,7,22,53,185,0,582,0,366,256,103,32,0,0,0,0,0,524,175,612,436,47,69,62,54
GHCND:USW00023271,SACRAMENTO 5 ESE CA US,20100215,7,22,53,197,0,594,0,366,257,103,32,0,0,0,0,0,526,177,614,438,47,69,62,54
GHCND:USW00023271,SACRAMENTO 5 ESE CA US,20100216,7,22,53,211,0,608,0,366,257,103,32,0,0,0,0,0,528,178,617,439,47,70,63,53
GHCND:USW00023271,SACRAMENTO 5 ESE CA US,20100217,7,22,53,224,0,621,0,366,257,103,32,0,0,0,0,0,530,179,620,440,47,70,63,53
GHCND:USW00023271,SACRAMENTO 5 ESE CA US,20100218,7,22,53,237,0,634,0,365,257,103,31,0,0,0,0,0,532,180,622,442,47,70,64,53
GHCND:USW00023271,SACRAMENTO 5 ESE CA US,20100219,7,22,53,251,0,648,0,364,256,103,30,0,0,0,0,0,534,181,625,443,47,70,64,53
GHCND:USW00023271,SACRAMENTO 5 ESE CA US,20100220,7,22,53,264,0,661,0,363,255,102,30,0,0,0,0,0,536,183,627,445,47,69,64,52
GHCND:USW00023271,SACRAMENTO 5 ESE CA US,20100221,7,22,53,278,0,675,0,361,253,102,29,0,0,0,0,0,538,184,629,446,48,69,65,52
GHCND:USW00023271,SACRAMENTO 5 ESE CA US,20100222,7,22,53,291,0,688,0,360,252,101,29,0,0,0,0,0,539,185,632,447,48,69,65,52
GHCND:USW00023271,SACRAMENTO 5 ESE CA US,20100223,7,22,53,304,0,701,0,358,251,100,28,0,0,0,0,0,541,186,634,448,48,69,65,51
GHCND:USW00023271,SACRAMENTO 5 ESE CA US,20100224,7,22,52,317,0,714,0,357,249,100,27,0,0,0,0,0,543,187,636,450,48,69,66,51
GHCND:USW00023271,SACRAMENTO 5 ESE CA US,20100225,7,22,52,330,0,727,0,356,248,99,26,0,0,0,0,0,545,187,638,451,48,69,66,51
GHCND:USW00023271,SACRAMENTO 5 ESE CA US,20100226,7,22,52,344,0,741,0,355,247,99,26,0,0,0,0,0,546,188,640,452,48,69,67,51
GHCND:USW00023271,SACRAMENTO 5 ESE CA US,20100227,7,22,52,356,0,753,0,354,246,98,25,0,0,0,0,0,548,189,642,453,48,69,67,50
GHCND:USW00023271,SACRAMENTO 5 ESE CA US,20100228,7,23,52,369,0,766,0,353,245,98,24,0,0,0,0,0,549,190,644,454,49,69,68,50
GHCND:USW00023271,SACRAMENTO 5 ESE CA US,20100301,7,23,52,13,0,779,0,350,243,97,23,0,0,0,0,0,551,191,646,455,49,69,68,50
GHCND:USW00023271,SACRAMENTO 5 ESE CA US,20100302,7,22,52,27,0,793,0,347,240,96,22,0,0,0,0,0,552,192,648,456,49,69,68,50
GHCND:USW00023271,SACRAMENTO 5 ESE CA US,20100303,7,22,52,39,0,805,0,344,238,95,22,0,0,0,0,0,553,193,650,457,49,69,69,50
GHCND:USW00023271,SACRAMENTO 5 ESE CA US,20100304,7,22,52,51,0,817,0,341,235,93,21,0,0,0,0,0,555,193,651,458,49,69,69,50
GHCND:USW00023271,SACRAMENTO 5 ESE CA US,20100305,7,22,52,62,0,828,0,337,232,92,21,0,0,0,0,0,556,194,653,459,50,69,70,50
GHCND:USW00023271,SACRAMENTO 5 ESE CA US,20100306,7,22,52,73,0,839,0,332,229,90,20,0,0,0,0,0,557,195,655,460,50,69,70,49
GHCND:USW00023271,SACRAMENTO 5 ESE CA US,20100307,7,22,52,84,0,850,0,328,226,89,19,0,0,0,0,0,558,196,656,461,50,69,70,49
GHCND:USW00023271,SACRAMENTO 5 ESE CA US,20100308,7,22,52,96,0,862,0,323,223,87,19,0,0,0,0,0,559,196,658,461,50,68,71,49
GHCND:USW00023271,SACRAMENTO 5 ESE CA US,20100309,7,22,51,107,0,873,0,318,220,85,18,0,0,0,0,0,560,197,659,462,50,68,71,49
GHCND:USW00023271,SACRAMENTO 5 ESE CA US,20100310,7,22,51,118,0,884,0,314,216,84,17,0,0,0,0,0,561,198,660,463,51,68,71,49
GHCND:USW00023271,SACRAMENTO 5 ESE CA US,20100311,7,22,51,129,0,895,0,309,213,82,17,0,0,0,0,0,562,199,662,463,51,68,72,48
GHCND:USW00023271,SACRAMENTO 5 ESE CA US,20100312,7,22,51,140,0,906,0,304,209,80,16,0,0,0,0,0,563,199,663,464,51,68,72,48
GHCND:USW00023271,SACRAMENTO 5 ESE CA US,20100313,7,22,51,151,0,917,0,299,206,78,15,0,0,0,0,0,564,200,664,464,51,68,73,48
GHCND:USW00023271,SACRAMENTO 5 ESE CA US,20100314,7,22,50,162,0,928,0,294,202,76,15,0,0,0,0,0,565,201,666,465,52,68,73,48
GHCND:USW00023271,SACRAMENTO 5 ESE CA US,20100315,7,22,50,172,0,938,0,289,199,74,14,0,0,0,0,0,566,202,667,465,52,68,74,48
GHCND:USW00023271,SACRAMENTO 5 ESE CA US,20100316,7,22,50,182,0,948,0,284,195,73,13,0,0,0,0,0,567,202,668,466,52,68,74,47
GHCND:USW00023271,SACRAMENTO 5 ESE CA US,20100317,7,22,49,192,0,958,0,279,192,71,13,0,0,0,0,0,568,203,669,466,52,68,74,47
GHCND:USW00023271,SACRAMENTO 5 ESE CA US,20100318,7,22,49,202,0,968,0,274,188,69,12,0,0,0,0,0,569,204,671,467,53,68,75,47
GHCND:USW00023271,SACRAMENTO 5 ESE CA US,20100319,7,21,49,211,0,977,0,270,185,67,12,0,0,0,0,0,569,205,672,467,53,68,75,47
GHCND:USW00023271,SACRAMENTO 5 ESE CA US,20100320,7,21,49,219,0,985,0,265,182,66,11,0,0,0,0,0,570,206,673,467,53,68,76,46
GHCND:USW00023271,SACRAMENTO 5 ESE CA US,20100321,7,21,48,228,0,994,0,261,179,64,11,0,0,0,0,0,571,207,674,468,53,68,76,46
GHCND:USW00023271,SACRAMENTO 5 ESE CA US,20100322,6,21,48,236,0,1002,0,257,176,63,11,0,0,0,0,0,572,208,676,468,53,69,77,46
GHCND:USW00023271,SACRAMENTO 5 ESE CA US,20100323,6,21,48,244,0,1010,0,253,173,61,10,0,0,0,0,0,573,209,677,469,54,69,78,45
GHCND:USW00023271,SACRAMENTO 5 ESE CA US,20100324,6,20,47,252,0,1018,0,248,170,60,10,0,0,0,0,0,574,210,679,469,54,69,78,45
GHCND:USW00023271,SACRAMENTO 5 ESE CA US,20100325,6,20,46,260,0,1026,0,244,167,58,10,0,0,0,0,0,575,211,680,469,54,69,79,45
GHCND:USW00023271,SACRAMENTO 5 ESE CA US,20100326,6,20,46,267,0,1033,0,239,163,56,9,0,0,0,0,0,576,212,681,470,54,69,79,44
GHCND:USW00023271,SACRAMENTO 5 ESE CA US,20100327,6,19,45,274,0,1040,0,235,159,54,9,0,0,0,0,0,577,213,683,470,54,70,80,44
GHCND:USW00023271,SACRAMENTO 5 ESE CA US,20100328,6,19,45,281,0,1047,0,230,155,53,9,0,0,0,0,0,578,214,685,471,54,70,80,44
GHCND:USW00023271,SACRAMENTO 5 ESE CA US,20100329,6,19,44,289,0,1055,0,225,151,51,9,0,0,0,0,0,579,215,686,471,54,70,81,44
GHCND:USW00023271,SACRAMENTO 5 ESE CA US,20100330,6,19,43,295,0,1061,0,221,148,49,8,0,0,0,0,0,580,216,688,472,55,70,81,43
GHCND:USW00023271,SACRAMENTO 5 ESE CA US,20100331,6,18,43,302,0,1068,0,217,144,48,8,0,0,0,0,0,581,217,690,472,55,70,81,43
GHCND:USW00023271,SACRAMENTO 5 ESE CA US,20100401,6,18,42,6,0,1074,0,213,141,46,8,0,0,0,0,0,582,218,691,473,55,71,82,43
GHCND:USW00023271,SACRAMENTO 5 ESE CA US,20100402,5,18,42,11,0,1079,0,210,138,45,7,0,0,0,0,0,584,219,693,474,55,71,82,43
GHCND:USW00023271,SACRAMENTO 5 ESE CA US,20100403,5,18,41,17,0,1085,0,206,135,44,7,0,0,0,0,0,585,221,695,475,55,71,83,42
GHCND:USW00023271,SACRAMENTO 5 ESE CA US,20100404,5,17,40,22,0,1090,0,204,132,42,7,0,0,0,0,0,586,222,697,475,55,71,83,42
GHCND:USW00023271,SACRAMENTO 5 ESE CA US,20100405,5,17,40,28,0,1096,0,201,130,41,7,0,0,0,0,0,588,223,699,476,56,71,83,42
GHCND:USW00023271,SACRAMENTO 5 ESE CA US,20100406,5,17,39,33,0,1101,0,198,127,40,7,0,0,0,0,0,589,224,702,477,56,72,84,42
GHCND:USW00023271,SACRAMENTO 5 ESE CA US,20100407,5,16,38,38,0,1106,0,196,125,39,6,0,0,0,0,0,591,226,704,478,56,72,84,42
GHCND:USW00023271,SACRAMENTO 5 ESE CA US,20100408,5,16,38,43,0,1111,0,194,122,38,6,0,0,0,0,0,593,227,706,479,57,72,85,42
GHCND:USW00023271,SACRAMENTO 5 ESE CA US,20100409,5,16,37,48,0,1116,0,192,120,37,6,0,0,0,0,0,594,228,708,480,57,72,85,42
GHCND:USW00023271,SACRAMENTO 5 ESE CA US,20100410,5,16,36,52,0,1120,0,190,118,37,6,0,0,0,0,0,596,230,711,481,57,72,86,43
GHCND:USW00023271,SACRAMENTO 5 ESE CA US,20100411,5,16,36,57,0,1125,0,188,116,36,6,0,0,0,0,0,598,231,713,482,58,72,86,43
GHCND:USW00023271,SACRAMENTO 5 ESE CA US,20100412,5,15,35,61,0,1129,0,186,114,35,6,0,0,0,0,0,600,232,716,484,58,72,86,43
GHCND:USW00023271,SACRAMENTO 5 ESE CA US,20100413,5,15,35,65,0,1133,0,184,112,34,6,0,0,0,0,0,602,234,719,485,58,72,87,43
GHCND:USW00023271,SACRAMENTO 5 ESE CA US,20100414,4,15,34,70,0,1138,0,181,110,33,6,0,0,0,0,0,604,235,721,486,59,72,87,43
GHCND:USW00023271,SACRAMENTO 5 ESE CA US,20100415,4,15,34,74,0,1142,0,179,108,32,6,0,0,0,0,0,606,236,724,488,59,72,88,44
GHCND:USW00023271,SACRAMENTO 5 ESE CA US,20100416,4,14,33,78,0,1146,0,177,106,31,6,0,0,0,0,0,608,238,727,489,59,72,88,44
GHCND:USW00023271,SACRAMENTO 5 ESE CA US,20100417,4,14,33,82,0,1150,0,175,105,31,6,0,0,0,0,0,610,239,730,491,60,72,88,44
GHCND:USW00023271,SACRAMENTO 5 ESE CA US,20100418,4,14,32,86,0,1154,0,173,103,30,5,0,0,0,0,0,612,240,733,492,60,72,89,44
GHCND:USW00023271,SACRAMENTO 5 ESE CA US,20100419,4,14,31,90,0,1158,0,171,101,29,5,0,0,0,0,0,615,242,735,494,61,72,89,45
GHCND:USW00023271,SACRAMENTO 5 ESE CA US,20100420,4,14,31,94,0,1162,0,168,99,28,5,0,0,0,0,0,617,243,738,495,61,72,89,45
GHCND:USW00023271,SACRAMENTO 5 ESE CA US,20100421,4,14,30,98,0,1166,0,166,98,27,5,0,0,0,0,0,619,244,741,497,61,72,90,46
GHCND:USW00023271,SACRAMENTO 5 ESE CA US,20100422,4,14,30,102,0,1170,0,164,96,27,5,0,0,0,0,0,621,246,744,499,62,72,90,46
GHCND:USW00023271,SACRAMENTO 5 ESE CA US,20100423,4,14,30,106,0,1174,0,162,94,26,5,0,0,0,0,0,624,247,747,500,62,72,90,46
GHCND:USW00023271,SACRAMENTO 5 ESE CA US,20100424,4,14,29,110,0,1178,0,159,93,25,5,0,0,0,0,0,626,248,750,502,62,71,90,46
GHCND:USW00023271,SACRAMENTO 5 ESE CA US,20100425,4,14,29,114,0,1182,0,157,91,25,5,0,0,0,0,0,628,249,753,504,63,71,91,47
GHCND:USW00023271,SACRAMENTO 5 ESE CA US,20100426,4,14,29,117,0,1185,0,154,90,24,5,0,0,0,0,0,631,251,756,505,63,71,91,47
GHCND:USW00023271,SACRAMENTO 5 ESE CA US,20100427,4,14,29,120,0,1188,0,152,89,24,5,0,0,0,0,0,633,252,759,507,63,71,91,47
GHCND:USW00023271,SACRAMENTO 5 ESE CA US,20100428,5,14,28,124,0,1192,0,150,88,23,5,0,0,0,0,0,636,253,762,509,64,71,91,47
GHCND:USW00023271,SACRAMENTO 5 ESE CA US,20100429,5,14,28,127,0,1195,0,148,87,22,5,0,0,0,0,0,638,254,765,511,64,71,92,48
GHCND:USW00023271,SACRAMENTO 5 ESE CA US,20100430,5,14,28,130,0,1198,0,146,86,22,5,0,0,0,0,0,640,255,768,513,64,70,92,48
GHCND:USW00023271,SACRAMENTO 5 ESE CA US,20100501,5,14,28,4,0,1202,0,144,85,21,5,0,0,0,0,0,643,257,771,514,65,70,92,48
GHCND:USW00023271,SACRAMENTO 5 ESE CA US,20100502,5,14,27,7,0,1205,0,141,83,20,5,0,0,0,0,0,645,258,774,516,65,70,92,49
GHCND:USW00023271,SACRAMENTO 5 ESE CA US,20100503,5,14,27,10,0,1208,0,139,82,20,5,0,0,0,0,0,647,259,777,518,65,70,92,49
GHCND:USW00023271,SACRAMENTO 5 ESE CA US,20100504,5,14,27,13,0,1211,0,136,80,19,5,0,0,0,0,0,650,260,779,520,65,70,93,49
GHCND:USW00023271,SACRAMENTO 5 ESE CA US,20100505,5,14,27,16,0,1214,0,133,78,18,5,0,0,0,0,0,652,261,782,521,65,69,93,49
GHCND:USW00023271,SACRAMENTO 5 ESE CA US,20100506,5,14,27,19,0,1217,0,130,77,18,5,0,0,0,0,0,654,262,785,523,66,69,93,49
GHCND:USW00023271,SACRAMENTO 5 ESE CA US,20100507,5,14,27,22,0,1220,0,127,75,17,5,0,0,0,0,0,656,263,788,525,66,69,93,49
GHCND:USW00023271,SACRAMENTO 5 ESE CA US,20100508,5,14,27,24,0,1222,0,125,74,17,5,0,0,0,0,0,659,264,790,527,66,69,93,49
GHCND:USW00023271,SACRAMENTO 5 ESE CA US,20100509,5,14,27,27,0,1225,0,122,72,16,5,0,0,0,0,0,661,265,793,528,66,69,93,49
GHCND:USW00023271,SACRAMENTO 5 ESE CA US,20100510,5,14,27,30,0,1228,0,119,70,15,5,0,0,0,0,0,663,266,796,530,66,69,93,49
GHCND:USW00023271,SACRAMENTO 5 ESE CA US,20100511,5,14,26,33,0,1231,0,117,68,15,5,0,0,0,0,0,665,267,798,532,66,69,94,49
GHCND:USW00023271,SACRAMENTO 5 ESE CA US,20100512,5,14,26,35,0,1233,0,114,67,14,5,0,0,0,0,0,667,267,801,533,66,69,94,49
GHCND:USW00023271,SACRAMENTO 5 ESE CA US,20100513,5,14,26,38,0,1236,0,112,66,14,5,0,0,0,0,0,669,268,803,535,66,69,94,49
GHCND:USW00023271,SACRAMENTO 5 ESE CA US,20100514,5,14,26,41,0,1239,0,110,64,14,5,0,0,0,0,0,671,269,806,536,66,69,94,49
GHCND:USW00023271,SACRAMENTO 5 ESE CA US,20100515,5,14,26,43,0,1241,0,108,63,13,5,0,0,0,0,0,673,270,808,538,66,69,93,49
GHCND:USW00023271,SACRAMENTO 5 ESE CA US,20100516,5,14,26,46,0,1244,0,106,61,12,5,0,0,0,0,0,675,271,810,540,66,68,93,49
GHCND:USW00023271,SACRAMENTO 5 ESE CA US,20100517,5,14,26,48,0,1246,0,104,59,12,5,0,0,0,0,0,677,271,813,541,66,68,93,49
GHCND:USW00023271,SACRAMENTO 5 ESE CA US,20100518,-666,-666,-666,50,0,1248,0,102,58,11,5,0,0,0,0,0,679,272,815,543,66,68,93,49
GHCND:USW00023271,SACRAMENTO 5 ESE CA US,20100519,-666,-666,-666,53,0,1251,0,100,57,11,5,0,0,0,0,0,681,273,817,544,66,68,93,49
GHCND:USW00023271,SACRAMENTO 5 ESE CA US,20100520,-666,-666,-666,55,0,1253,0,98,55,11,5,0,0,0,0,0,682,274,819,546,66,68,93,48
GHCND:USW00023271,SACRAMENTO 5 ESE CA US,20100521,-666,-666,-666,57,0,1255,0,96,54,10,5,0,0,0,0,0,684,274,822,547,66,68,93,48
GHCND:USW00023271,SACRAMENTO 5 ESE CA US,20100522,-666,-666,-666,59,0,1257,0,93,52,10,5,0,0,0,0,0,686,275,824,549,65,67,92,48
GHCND:USW00023271,SACRAMENTO 5 ESE CA US,20100523,-666,-666,-666,61,0,1259,0,92,51,10,4,0,0,0,0,0,688,276,826,550,65,67,92,48
GHCND:USW00023271,SACRAMENTO 5 ESE CA US,20100524,-666,-666,-666,63,0,1261,0,90,50,9,4,0,0,0,0,0,690,276,828,552,65,67,92,48
GHCND:USW00023271,SACRAMENTO 5 ESE CA US,20100525,-666,-666,-666,65,0,1263,0,88,49,9,4,0,0,0,0,0,692,277,830,553,65,67,92,47
GHCND:USW00023271,SACRAMENTO 5 ESE CA US,20100526,-666,-666,-666,67,0,1265,0,86,47,8,4,0,0,0,0,0,693,278,832,554,65,66,91,47
GHCND:USW00023271,SACRAMENTO 5 ESE CA US,20100527,-666,-666,-666,69,0,1267,0,84,45,8,4,0,0,0,0,0,695,278,834,556,64,66,91,47
GHCND:USW00023271,SACRAMENTO 5 ESE CA US,20100528,-666,-666,-666,71,0,1269,0,81,44,8,4,0,0,0,0,0,697,279,837,557,64,66,90,47
GHCND:USW00023271,SACRAMENTO 5 ESE CA US,20100529,-666,-666,-666,73,0,1271,0,79,42,7,4,0,0,0,0,0,699,280,839,559,64,66,90,47
GHCND:USW00023271,SACRAMENTO 5 ESE CA US,20100530,-666,-666,-666,74,0,1272,0,77,41,7,4,0,0,0,0,0,701,281,841,560,64,65,90,47
GHCND:USW00023271,SACRAMENTO 5 ESE CA US,20100531,-666,-666,-666,76,0,1274,0,74,40,7,3,0,0,0,0,0,702,281,843,562,63,65,89,46
GHCND:USW00023271,SACRAMENTO 5 ESE CA US,20100601,-666,-666,-666,1,0,1275,0,72,38,6,-9999,0,0,0,0,0,704,282,845,563,63,65,89,46
GHCND:USW00023271,SACRAMENTO 5 ESE CA US,20100602,-666,-666,-666,3,0,1277,0,70,37,6,-9999,0,0,0,0,0,706,283,847,565,63,64,88,46
GHCND:USW00023271,SACRAMENTO 5 ESE CA US,20100603,-666,-666,-666,4,0,1278,0,69,36,6,-9999,0,0,0,0,0,708,283,849,566,63,64,88,46
GHCND:USW00023271,SACRAMENTO 5 ESE CA US,20100604,-666,-666,-666,5,0,1279,0,67,35,5,-9999,0,0,0,0,0,710,284,852,568,62,63,88,46
GHCND:USW00023271,SACRAMENTO 5 ESE CA US,20100605,-666,-666,-666,6,0,1280,0,65,34,5,-9999,0,0,0,0,0,711,285,854,569,62,63,87,46
GHCND:USW00023271,SACRAMENTO 5 ESE CA US,20100606,-666,-666,-666,7,0,1281,0,63,32,5,-9999,0,0,0,0,0,713,286,856,570,62,62,87,46
GHCND:USW00023271,SACRAMENTO 5 ESE CA US,20100607,-666,-666,-666,9,0,1283,0,60,31,4,-9999,0,0,0,0,0,715,287,858,572,62,62,86,46
GHCND:USW00023271,SACRAMENTO 5 ESE CA US,20100608,-666,-666,-666,9,0,1283,0,58,30,4,-9999,0,0,0,0,0,717,287,861,573,61,62,86,46
GHCND:USW00023271,SACRAMENTO 5 ESE CA US,20100609,-666,-666,-666,10,0,1284,0,56,29,4,-9999,0,0,0,0,0,719,288,863,575,61,61,86,46
GHCND:USW00023271,SACRAMENTO 5 ESE CA US,20100610,-666,-666,-666,11,0,1285,0,53,28,4,-9999,0,0,0,0,0,721,289,865,576,61,61,85,46
GHCND:USW00023271,SACRAMENTO 5 ESE CA US,20100611,-666,-666,-666,12,0,1286,0,51,27,3,-9999,0,0,0,0,0,723,290,868,578,61,61,85,46
GHCND:USW00023271,SACRAMENTO 5 ESE CA US,20100612,-666,-666,-666,13,0,1287,0,48,26,3,-9999,0,0,0,0,0,725,291,870,579,61,60,85,45
GHCND:USW00023271,SACRAMENTO 5 ESE CA US,20100613,-666,-666,-666,13,0,1287,0,46,24,3,-9999,0,0,0,0,0,727,292,873,581,61,60,84,45
GHCND:USW00023271,SACRAMENTO 5 ESE CA US,20100614,-666,-666,-666,14,0,1288,0,43,23,3,-9999,0,0,0,0,0,729,293,875,582,61,60,84,45
GHCND:USW00023271,SACRAMENTO 5 ESE CA US,20100615,-666,-666,-666,14,0,1288,0,41,22,3,-9999,0,0,0,0,0,731,294,878,584,60,59,84,45
GHCND:USW00023271,SACRAMENTO 5 ESE CA US,20100616,-666,-666,-666,15,0,1289,0,39,21,2,-9999,0,0,0,0,0,733,295,880,585,60,59,83,45
GHCND:USW00023271,SACRAMENTO 5 ESE CA US,20100617,-666,-666,-666,15,0,1289,0,36,20,2,-9999,0,0,0,0,0,735,296,882,587,60,59,83,45
GHCND:USW00023271,SACRAMENTO 5 ESE CA US,20100618,-666,-666,-666,16,0,1290,0,34,19,2,-9999,0,0,0,0,0,737,297,885,588,60,58,83,45
GHCND:USW00023271,SACRAMENTO 5 ESE CA US,20100619,-666,-666,-666,16,0,1290,0,32,17,2,-9999,0,0,0,0,0,738,298,887,590,60,58,82,45
GHCND:USW00023271,SACRAMENTO 5 ESE CA US,20100620,-666,-666,-666,17,0,1291,0,30,16,2,0,0,0,0,0,0,740,299,890,591,59,58,82,45
GHCND:USW00023271,SACRAMENTO 5 ESE CA US,20100621,-666,-666,-666,17,0,1291,0,29,15,2,0,0,0,0,0,0,742,300,892,592,59,58,82,45
GHCND:USW00023271,SACRAMENTO 5 ESE CA US,20100622,-666,-666,-666,17,0,1291,0,27,15,2,0,0,0,0,0,0,744,301,895,594,59,57,81,45
GHCND:USW00023271,SACRAMENTO 5 ESE CA US,20100623,-666,-666,-666,18,0,1292,0,25,14,2,0,0,0,0,0,0,746,302,897,595,59,57,81,45
GHCND:USW00023271,SACRAMENTO 5 ESE CA US,20100624,-666,-666,-666,18,0,1292,0,24,13,1,0,0,0,0,0,0,748,304,900,596,59,56,80,45
GHCND:USW00023271,SACRAMENTO 5 ESE CA US,20100625,-666,-666,-666,18,0,1292,0,22,12,1,0,0,0,0,0,0,750,305,902,597,59,56,80,45
GHCND:USW00023271,SACRAMENTO 5 ESE CA US,20100626,-666,-666,-666,18,0,1292,0,21,12,1,0,0,0,0,0,0,751,306,904,599,58,56,79,45
GHCND:USW00023271,SACRAMENTO 5 ESE CA US,20100627,-666,-666,-666,18,0,1292,0,20,11,1,0,0,0,0,0,0,753,307,907,600,58,55,79,45
GHCND:USW00023271,SACRAMENTO 5 ESE CA US,20100628,-666,-666,-666,19,0,1293,0,19,10,1,0,0,0,0,0,0,755,308,909,601,58,55,79,45
GHCND:USW00023271,SACRAMENTO 5 ESE CA US,20100629,-666,-666,-666,19,0,1293,0,18,10,1,0,0,0,0,0,0,756,309,911,602,58,55,78,45
GHCND:USW00023271,SACRAMENTO 5 ESE CA US,20100630,-666,-666,-666,19,0,1293,0,16,9,1,0,0,0,0,0,0,758,311,913,603,58,54,78,46
GHCND:USW00023271,SACRAMENTO 5 ESE CA US,20100701,-666,-666,-666,0,0,1293,0,15,-9999,-9999,0,0,0,0,0,0,760,312,915,604,58,54,78,46
GHCND:USW00023271,SACRAMENTO 5 ESE CA US,20100702,-666,-666,-666,0,0,1293,0,14,-9999,-9999,0,0,0,0,0,0,761,313,917,605,58,54,78,46
GHCND:USW00023271,SACRAMENTO 5 ESE CA US,20100703,-666,-666,-666,0,0,1293,0,12,-9999,-9999,0,0,0,0,0,0,762,314,919,605,58,54,77,46
GHCND:USW00023271,SACRAMENTO 5 ESE CA US,20100704,-666,-666,-666,0,0,1293,0,12,-9999,-9999,0,0,0,0,0,0,764,315,921,606,58,54,77,46
GHCND:USW00023271,SACRAMENTO 5 ESE CA US,20100705,-666,-666,-666,0,0,1293,0,11,-9999,-9999,0,0,0,0,0,0,765,316,923,607,57,53,77,46
GHCND:USW00023271,SACRAMENTO 5 ESE CA US,20100706,-666,-666,-666,0,0,1293,0,10,-9999,-9999,0,0,0,0,0,0,766,317,925,607,57,53,76,47
GHCND:USW00023271,SACRAMENTO 5 ESE CA US,20100707,-666,-666,-666,0,0,1293,0,9,-9999,-9999,0,0,0,0,0,0,767,318,926,608,57,53,76,47
GHCND:USW00023271,SACRAMENTO 5 ESE CA US,20100708,-666,-666,-666,0,0,1293,0,9,-9999,-9999,0,0,0,0,0,0,768,319,928,609,57,53,75,47
GHCND:USW00023271,SACRAMENTO 5 ESE CA US,20100709,-666,-666,-666,0,0,1293,0,9,-9999,-9999,0,0,0,0,0,0,769,320,929,609,57,52,75,47
GHCND:USW00023271,SACRAMENTO 5 ESE CA US,20100710,-666,-666,-666,0,0,1293,0,8,-9999,-9999,0,0,0,0,0,0,770,321,931,609,57,52,74,47
GHCND:USW00023271,SACRAMENTO 5 ESE CA US,20100711,-666,-666,-666,0,0,1293,0,8,-9999,-9999,0,0,0,0,0,0,771,322,932,610,56,52,74,47
GHCND:USW00023271,SACRAMENTO 5 ESE CA US,20100712,-666,-666,-666,0,0,1293,0,8,-9999,-9999,0,0,0,0,0,0,772,323,933,610,56,52,73,47
GHCND:USW00023271,SACRAMENTO 5 ESE CA US,20100713,-666,-666,-666,0,0,1293,0,7,-9999,-9999,0,0,0,0,0,0,772,324,934,610,56,51,73,47
GHCND:USW00023271,SACRAMENTO 5 ESE CA US,20100714,-666,-666,-666,0,0,1293,0,7,-9999,-9999,0,0,0,0,0,0,773,325,935,610,56,51,72,47
GHCND:USW00023271,SACRAMENTO 5 ESE CA US,20100715,-666,-666,-666,0,0,1293,0,7,-9999,0,0,0,0,0,0,0,773,326,936,611,55,51,72,48
GHCND:USW00023271,SACRAMENTO 5 ESE CA US,20100716,-666,-666,-666,0,0,1293,0,7,-9999,0,0,0,0,0,0,0,774,326,937,611,55,51,71,48
GHCND:USW00023271,SACRAMENTO 5 ESE CA US,20100717,-666,-666,-666,0,0,1293,0,7,-9999,0,0,0,0,0,0,0,774,327,938,611,55,50,71,48
GHCND:USW00023271,SACRAMENTO 5 ESE CA US,20100718,-666,-666,-666,0,0,1293,0,6,-9999,0,0,0,0,0,0,0,774,327,938,611,55,50,71,48
GHCND:USW00023271,SACRAMENTO 5 ESE CA US,20100719,-666,-666,-666,0,0,1293,0,6,-9999,0,0,0,0,0,0,0,775,328,939,611,55,50,70,48
GHCND:USW00023271,SACRAMENTO 5 ESE CA US,20100720,-666,-666,-666,0,0,1293,0,6,-9999,0,0,0,0,0,0,0,775,328,939,611,55,50,70,48
GHCND:USW00023271,SACRAMENTO 5 ESE CA US,20100721,-666,-666,-666,0,0,1293,0,6,-9999,0,0,0,0,0,0,0,775,329,939,611,55,50,70,48
GHCND:USW00023271,SACRAMENTO 5 ESE CA US,20100722,-666,-666,-666,0,0,1293,0,6,-9999,0,0,0,0,0,0,0,775,329,939,610,55,50,70,48
GHCND:USW00023271,SACRAMENTO 5 ESE CA US,20100723,-666,-666,-666,0,0,1293,0,6,-9999,0,0,0,0,0,0,0,775,329,939,610,55,50,70,48
GHCND:USW00023271,SACRAMENTO 5 ESE CA US,20100724,-666,-666,-666,0,0,1293,0,6,-9999,0,0,0,0,0,0,0,775,329,939,610,55,51,70,48
GHCND:USW00023271,SACRAMENTO 5 ESE CA US,20100725,-666,-666,-666,0,0,1293,0,6,-9999,0,0,0,0,0,0,0,775,329,939,610,55,51,71,48
GHCND:USW00023271,SACRAMENTO 5 ESE CA US,20100726,-666,-666,-666,0,0,1293,0,6,-9999,0,0,0,0,0,0,0,774,329,939,610,55,51,71,48
GHCND:USW00023271,SACRAMENTO 5 ESE CA US,20100727,-666,-666,-666,0,0,1293,0,6,-9999,0,0,0,0,0,0,0,774,329,939,609,55,51,71,48
GHCND:USW00023271,SACRAMENTO 5 ESE CA US,20100728,-666,-666,-666,0,0,1293,0,7,-9999,0,0,0,0,0,0,0,774,329,938,609,55,51,71,48
GHCND:USW00023271,SACRAMENTO 5 ESE CA US,20100729,-666,-666,-666,0,0,1293,0,7,-9999,0,0,0,0,0,0,0,773,329,938,609,55,51,71,48
GHCND:USW00023271,SACRAMENTO 5 ESE CA US,20100730,-666,-666,-666,0,0,1293,0,7,-9999,0,0,0,0,0,0,0,773,329,937,609,55,51,71,48
GHCND:USW00023271,SACRAMENTO 5 ESE CA US,20100731,-666,-666,-666,0,0,1293,0,7,-9999,0,0,0,0,0,0,0,773,329,937,608,55,52,71,47
GHCND:USW00023271,SACRAMENTO 5 ESE CA US,20100801,-666,-666,-666,0,0,1293,0,8,3,0,0,0,0,0,0,0,772,328,936,608,54,52,71,47
GHCND:USW00023271,SACRAMENTO 5 ESE CA US,20100802,-666,-666,-666,0,0,1293,0,8,3,0,0,0,0,0,0,0,772,328,936,608,54,52,71,47
GHCND:USW00023271,SACRAMENTO 5 ESE CA US,20100803,-666,-666,-666,0,0,1293,0,8,3,0,0,0,0,0,0,0,771,327,935,608,54,52,71,46
GHCND:USW00023271,SACRAMENTO 5 ESE CA US,20100804,-666,-666,-666,0,0,1293,0,9,3,0,0,0,0,0,0,0,771,327,934,607,54,52,71,46
GHCND:USW00023271,SACRAMENTO 5 ESE CA US,20100805,-666,-666,-666,0,0,1293,0,9,3,0,0,0,0,0,0,0,770,326,933,607,54,52,71,46
GHCND:USW00023271,SACRAMENTO 5 ESE CA US,20100806,-666,-666,-666,0,0,1293,0,9,3,0,0,0,0,0,0,0,770,325,932,607,53,53,71,45
GHCND:USW00023271,SACRAMENTO 5 ESE CA US,20100807,-666,-666,-666,0,0,1293,0,10,4,0,0,0,0,0,0,0,769,325,932,607,53,53,71,45
GHCND:USW00023271,SACRAMENTO 5 ESE CA US,20100808,-666,-666,-666,0,0,1293,0,10,4,0,0,0,0,0,0,0,769,324,931,607,53,53,71,44
GHCND:USW00023271,SACRAMENTO 5 ESE CA US,20100809,-666,-666,-666,1,0,1294,0,10,4,0,0,0,0,0,0,0,768,323,930,606,52,53,71,44
GHCND:USW00023271,SACRAMENTO 5 ESE CA US,20100810,-666,-666,-666,1,0,1294,0,10,4,0,0,0,0,0,0,0,767,322,929,606,52,53,71,44
GHCND:USW00023271,SACRAMENTO 5 ESE CA US,20100811,-666,-666,-666,1,0,1294,0,10,4,0,0,0,0,0,0,0,767,322,928,606,52,54,71,43
GHCND:USW00023271,SACRAMENTO 5 ESE CA US,20100812,-666,-666,-666,1,0,1294,0,11,4,0,0,0,0,0,0,0,766,321,927,606,52,54,71,43
GHCND:USW00023271,SACRAMENTO 5 ESE CA US,20100813,-666,-666,-666,1,0,1294,0,11,4,0,0,0,0,0,0,0,766,320,926,606,52,54,71,43
GHCND:USW00023271,SACRAMENTO 5 ESE CA US,20100814,-666,-666,-666,1,0,1294,0,11,4,0,0,0,0,0,0,0,765,319,925,606,52,55,71,42
GHCND:USW00023271,SACRAMENTO 5 ESE CA US,20100815,-666,-666,-666,1,0,1294,0,12,4,0,0,0,0,0,0,0,764,318,924,605,52,55,71,42
GHCND:USW00023271,SACRAMENTO 5 ESE CA US,20100816,-666,-666,-666,1,0,1294,0,12,5,0,0,0,0,0,0,0,764,317,922,605,52,55,71,42
GHCND:USW00023271,SACRAMENTO 5 ESE CA US,20100817,-666,-666,-666,1,0,1294,0,13,5,0,0,0,0,0,0,0,763,316,921,605,52,55,72,42
GHCND:USW00023271,SACRAMENTO 5 ESE CA US,20100818,-666,-666,-666,1,0,1294,0,13,5,0,0,0,0,0,0,0,763,315,920,605,52,55,72,42
GHCND:USW00023271,SACRAMENTO 5 ESE CA US,20100819,-666,-666,-666,2,0,1295,0,13,5,0,0,0,0,0,0,0,762,315,919,605,52,56,72,41
GHCND:USW00023271,SACRAMENTO 5 ESE CA US,20100820,-666,-666,-666,2,0,1295,0,14,6,0,0,0,0,0,0,0,761,314,918,605,52,56,72,41
GHCND:USW00023271,SACRAMENTO 5 ESE CA US,20100821,-666,-666,-666,2,0,1295,0,15,6,0,0,0,0,0,0,0,761,313,917,604,51,56,72,41
GHCND:USW00023271,SACRAMENTO 5 ESE CA US,20100822,-666,-666,-666,2,0,1295,0,15,6,0,0,0,0,0,0,0,760,312,916,604,51,56,72,41
GHCND:USW00023271,SACRAMENTO 5 ESE CA US,20100823,-666,-666,-666,2,0,1295,0,16,7,0,0,0,0,0,0,0,759,311,915,604,51,56,72,41
GHCND:USW00023271,SACRAMENTO 5 ESE CA US,20100824,-666,-666,-666,2,0,1295,0,16,7,-9999,0,0,0,0,0,0,759,310,914,604,51,56,72,40
GHCND:USW00023271,SACRAMENTO 5 ESE CA US,20100825,-666,-666,-666,2,0,1295,0,17,7,-9999,0,0,0,0,0,0,758,309,913,603,51,57,72,40
GHCND:USW00023271,SACRAMENTO 5 ESE CA US,20100826,-666,-666,-666,2,0,1295,0,17,8,-9999,-9999,0,0,0,0,0,757,308,911,603,51,57,72,40
GHCND:USW00023271,SACRAMENTO 5 ESE CA US,20100827,-666,-666,-666,2,0,1295,0,18,8,-9999,-9999,0,0,0,0,0,756,308,910,603,51,57,72,40
GHCND:USW00023271,SACRAMENTO 5 ESE CA US,20100828,-666,-666,-666,3,0,1296,0,19,9,-9999,-9999,0,0,0,0,0,756,307,909,602,51,57,72,40
GHCND:USW00023271,SACRAMENTO 5 ESE CA US,20100829,-666,-666,-666,3,0,1296,0,20,10,-9999,-9999,0,0,0,0,0,755,306,908,602,51,57,72,40
GHCND:USW00023271,SACRAMENTO 5 ESE CA US,20100830,-666,-666,-666,3,0,1296,0,21,10,-9999,-9999,0,0,0,0,0,754,305,907,601,51,58,73,39
GHCND:USW00023271,SACRAMENTO 5 ESE CA US,20100831,-666,-666,-666,3,0,1296,0,22,11,-9999,-9999,0,0,0,0,0,753,305,906,601,51,58,73,39
GHCND:USW00023271,SACRAMENTO 5 ESE CA US,20100901,-666,-666,-666,0,0,1296,0,23,11,2,1,0,0,0,0,0,752,304,904,600,51,58,73,39
GHCND:USW00023271,SACRAMENTO 5 ESE CA US,20100902,-666,-666,-666,1,0,1297,0,25,12,2,1,0,0,0,0,0,751,303,903,600,51,59,73,39
GHCND:USW00023271,SACRAMENTO 5 ESE CA US,20100903,-666,-666,-666,1,0,1297,0,26,13,2,1,0,0,0,0,0,750,303,902,599,51,59,74,39
GHCND:USW00023271,SACRAMENTO 5 ESE CA US,20100904,-666,-666,-666,2,0,1298,0,27,13,2,1,0,0,0,0,0,749,302,900,598,51,59,74,39
GHCND:USW00023271,SACRAMENTO 5 ESE CA US,20100905,-666,-666,-666,3,0,1299,0,28,14,3,1,0,0,0,0,0,748,302,899,597,52,60,75,39
GHCND:USW00023271,SACRAMENTO 5 ESE CA US,20100906,-666,-666,-666,3,0,1299,0,30,15,3,1,0,0,0,0,0,747,301,898,597,52,60,75,39
GHCND:USW00023271,SACRAMENTO 5 ESE CA US,20100907,-666,-666,-666,4,0,1300,0,32,16,3,1,0,0,0,0,0,746,301,896,596,52,61,76,39
GHCND:USW00023271,SACRAMENTO 5 ESE CA US,20100908,-666,-666,-666,5,0,1301,0,33,17,3,2,0,0,0,0,0,745,300,895,595,52,61,76,39
GHCND:USW00023271,SACRAMENTO 5 ESE CA US,20100909,-666,-666,-666,6,0,1302,0,35,18,4,2,0,0,0,0,0,744,299,893,594,53,62,77,40
GHCND:USW00023271,SACRAMENTO 5 ESE CA US,20100910,-666,-666,-666,7,0,1303,0,36,19,4,2,0,0,0,0,0,742,299,892,593,53,62,77,40
GHCND:USW00023271,SACRAMENTO 5 ESE CA US,20100911,-666,-666,-666,8,0,1304,0,38,20,4,2,0,0,0,0,0,741,298,890,592,53,63,78,40
GHCND:USW00023271,SACRAMENTO 5 ESE CA US,20100912,-666,-666,-666,9,0,1305,0,39,21,4,2,0,0,0,0,0,739,298,888,590,53,63,78,40
GHCND:USW00023271,SACRAMENTO 5 ESE CA US,20100913,-666,-666,-666,10,0,1306,0,41,22,5,2,0,0,0,0,0,738,297,886,589,54,64,79,40
GHCND:USW00023271,SACRAMENTO 5 ESE CA US,20100914,-666,-666,-666,11,0,1307,0,43,23,5,2,0,0,0,0,0,736,297,885,588,54,64,79,40
GHCND:USW00023271,SACRAMENTO 5 ESE CA US,20100915,-666,-666,-666,12,0,1308,0,45,24,5,2,0,0,0,0,0,735,296,883,587,54,65,80,40
GHCND:USW00023271,SACRAMENTO 5 ESE CA US,20100916,-666,-666,-666,13,0,1309,0,47,25,6,2,0,0,0,0,0,733,296,881,585,54,65,80,40
GHCND:USW00023271,SACRAMENTO 5 ESE CA US,20100917,-666,-666,-666,15,0,1311,0,49,26,6,2,0,0,0,0,0,731,295,879,584,54,65,80,40
GHCND:USW00023271,SACRAMENTO 5 ESE CA US,20100918,-666,-666,-666,16,0,1312,0,50,27,7,2,0,0,0,0,0,729,294,877,582,55,66,81,40
GHCND:USW00023271,SACRAMENTO 5 ESE CA US,20100919,-666,-666,-666,17,0,1313,0,52,28,7,2,0,0,0,0,0,727,294,874,581,55,66,81,40
GHCND:USW00023271,SACRAMENTO 5 ESE CA US,20100920,-666,-666,-666,18,0,1314,0,54,29,7,2,0,0,0,0,0,726,293,872,579,55,67,81,40
GHCND:USW00023271,SACRAMENTO 5 ESE CA US,20100921,-666,-666,-666,20,0,1316,0,55,30,7,2,0,0,0,0,0,724,292,870,577,55,67,82,40
GHCND:USW00023271,SACRAMENTO 5 ESE CA US,20100922,-666,-666,-666,21,0,1317,0,57,31,7,2,0,0,0,0,0,721,291,867,576,55,67,82,40
GHCND:USW00023271,SACRAMENTO 5 ESE CA US,20100923,-666,-666,-666,22,0,1318,0,59,32,8,2,0,0,0,0,0,719,290,865,574,55,68,83,40
GHCND:USW00023271,SACRAMENTO 5 ESE CA US,20100924,-666,-666,-666,24,0,1320,0,61,33,8,2,0,0,0,0,0,717,290,862,572,55,68,83,40
GHCND:USW00023271,SACRAMENTO 5 ESE CA US,20100925,-666,-666,-666,25,0,1321,0,63,34,8,2,0,0,0,0,0,715,289,859,571,56,68,83,40
GHCND:USW00023271,SACRAMENTO 5 ESE CA US,20100926,-666,-666,-666,27,0,1323,0,65,35,9,2,0,0,0,0,0,713,288,856,569,56,69,83,40
GHCND:USW00023271,SACRAMENTO 5 ESE CA US,20100927,-666,-666,-666,29,0,1325,0,66,36,9,2,0,0,0,0,0,710,286,853,567,56,69,83,40
GHCND:USW00023271,SACRAMENTO 5 ESE CA US,20100928,-666,-666,-666,31,0,1327,0,68,37,9,2,0,0,0,0,0,708,285,850,565,56,69,84,40
GHCND:USW00023271,SACRAMENTO 5 ESE CA US,20100929,-666,-666,-666,33,0,1329,0,70,38,10,2,0,0,0,0,0,705,284,847,563,56,69,84,40
GHCND:USW00023271,SACRAMENTO 5 ESE CA US,20100930,-666,-666,-666,35,0,1331,0,72,40,10,3,0,0,0,0,0,703,283,844,561,56,70,84,40
GHCND:USW00023271,SACRAMENTO 5 ESE CA US,20101001,-666,-666,-666,2,0,1333,0,74,41,11,3,0,0,0,0,0,700,281,841,559,56,70,84,41
GHCND:USW00023271,SACRAMENTO 5 ESE CA US,20101002,-666,-666,-666,4,0,1335,0,77,43,12,3,0,0,0,0,0,697,280,837,557,56,70,84,41
GHCND:USW00023271,SACRAMENTO 5 ESE CA US,20101003,-666,-666,-666,6,0,1337,0,79,45,12,3,0,0,0,0,0,695,278,834,555,56,70,84,41
GHCND:USW00023271,SACRAMENTO 5 ESE CA US,20101004,-666,-666,-666,8,0,1339,0,82,46,13,3,0,0,0,0,0,692,277,830,553,56,71,84,41
GHCND:USW00023271,SACRAMENTO 5 ESE CA US,20101005,-666,-666,-666,9,0,1340,0,84,48,14,3,0,0,0,0,0,689,275,827,551,56,71,84,41
GHCND:USW00023271,SACRAMENTO 5 ESE CA US,20101006,-666,-666,-666,11,0,1342,0,86,49,14,3,0,0,0,0,0,686,273,823,549,55,71,84,41
GHCND:USW00023271,SACRAMENTO 5 ESE CA US,20101007,-666,-666,-666,13,0,1344,0,89,51,15,4,0,0,0,0,0,683,272,819,547,55,71,83,41
GHCND:USW00023271,SACRAMENTO 5 ESE CA US,20101008,-666,-666,-666,15,0,1346,0,92,52,16,4,0,0,0,0,0,680,270,815,545,55,71,83,41
GHCND:USW00023271,SACRAMENTO 5 ESE CA US,20101009,-666,-666,-666,18,0,1349,0,94,54,16,4,0,0,0,0,0,677,268,811,543,55,71,83,41
GHCND:USW00023271,SACRAMENTO 5 ESE CA US,20101010,-666,-666,-666,20,0,1351,0,97,56,17,4,0,0,0,0,0,674,266,807,541,55,71,83,41
GHCND:USW00023271,SACRAMENTO 5 ESE CA US,20101011,-666,-666,-666,23,0,1354,0,100,58,18,4,0,0,0,0,0,671,264,803,539,54,71,82,41
GHCND:USW00023271,SACRAMENTO 5 ESE CA US,20101012,-666,-666,-666,26,0,1357,0,102,59,18,5,0,0,0,0,0,668,262,799,537,54,71,82,41
GHCND:USW00023271,SACRAMENTO 5 ESE CA US,20101013,4,15,42,28,0,1359,0,106,61,19,5,0,0,0,0,0,665,260,795,535,54,71,81,41
GHCND:USW00023271,SACRAMENTO 5 ESE CA US,20101014,4,15,42,32,0,1363,0,109,64,20,5,0,0,0,0,0,662,257,790,533,53,71,81,41
GHCND:USW00023271,SACRAMENTO 5 ESE CA US,20101015,4,15,42,35,0,1366,0,112,66,21,5,0,0,0,0,0,658,255,786,531,53,71,80,41
GHCND:USW00023271,SACRAMENTO 5 ESE CA US,20101016,4,15,43,38,0,1369,0,116,69,22,6,0,0,0,0,0,655,253,781,529,53,71,80,41
GHCND:USW00023271,SACRAMENTO 5 ESE CA US,20101017,4,15,43,42,0,1373,0,120,71,23,6,0,0,0,0,0,652,250,777,526,52,71,79,41
GHCND:USW00023271,SACRAMENTO 5 ESE CA US,20101018,4,15,43,46,0,1377,0,125,74,24,6,0,0,0,0,0,648,248,772,524,52,71,79,42
GHCND:USW00023271,SACRAMENTO 5 ESE CA US,20101019,4,15,43,49,0,1380,0,129,77,25,7,0,0,0,0,0,645,245,768,522,51,71,78,42
GHCND:USW00023271,SACRAMENTO 5 ESE CA US,20101020,4,15,43,53,0,1384,0,134,80,26,7,0,0,0,0,0,641,243,763,520,51,71,77,42
GHCND:USW00023271,SACRAMENTO 5 ESE CA US,20101021,4,15,43,57,0,1388,0,138,83,27,8,0,0,0,0,0,638,240,758,518,50,71,76,42
GHCND:USW00023271,SACRAMENTO 5 ESE CA US,20101022,4,15,43,61,0,1392,0,142,86,29,8,0,0,0,0,0,634,238,753,515,50,71,76,42
GHCND:USW00023271,SACRAMENTO 5 ESE CA US,20101023,4,15,43,65,0,1396,0,147,89,30,8,0,0,0,0,0,631,235,749,513,50,71,75,42
GHCND:USW00023271,SACRAMENTO 5 ESE CA US,20101024,4,15,44,69,0,1400,0,152,92,31,9,0,0,0,0,0,627,233,744,511,50,70,75,42
GHCND:USW00023271,SACRAMENTO 5 ESE CA US,20101025,4,15,43,74,0,1405,0,157,95,32,9,0,0,0,0,0,624,230,739,509,49,70,74,43
GHCND:USW00023271,SACRAMENTO 5 ESE CA US,20101026,4,15,43,78,0,1409,0,161,98,33,9,0,0,0,0,0,620,228,734,506,49,70,74,43
GHCND:USW00023271,SACRAMENTO 5 ESE CA US,20101027,4,15,43,83,0,1414,0,166,102,34,10,0,0,0,0,0,616,225,729,504,49,70,73,43
GHCND:USW00023271,SACRAMENTO 5 ESE CA US,20101028,4,15,43,88,0,1419,0,171,105,35,10,0,0,0,0,0,613,223,724,502,49,70,73,44
GHCND:USW00023271,SACRAMENTO 5 ESE CA US,20101029,5,15,43,93,0,1424,0,176,107,36,10,0,0,0,0,0,609,220,719,499,49,70,73,44
GHCND:USW00023271,SACRAMENTO 5 ESE CA US,20101030,5,15,43,99,0,1430,0,181,110,37,11,0,0,0,0,0,605,217,714,497,49,70,72,44
GHCND:USW00023271,SACRAMENTO 5 ESE CA US,20101031,5,15,42,105,0,1436,0,185,113,38,11,0,0,0,0,0,602,215,709,494,49,69,72,45
GHCND:USW00023271,SACRAMENTO 5 ESE CA US,20101101,5,15,42,6,0,1442,0,189,115,39,11,0,0,0,0,0,598,212,704,492,49,69,72,45
GHCND:USW00023271,SACRAMENTO 5 ESE CA US,20101102,5,15,42,12,0,1448,0,194,118,40,11,0,0,0,0,0,594,210,699,489,49,69,71,46
GHCND:USW00023271,SACRAMENTO 5 ESE CA US,20101103,5,16,43,19,0,1455,0,198,121,41,12,0,0,0,0,0,591,208,694,487,49,69,71,46
GHCND:USW00023271,SACRAMENTO 5 ESE CA US,20101104,5,16,43,25,0,1461,0,203,124,42,12,0,0,0,0,0,587,205,689,484,49,69,71,47
GHCND:USW00023271,SACRAMENTO 5 ESE CA US,20101105,5,16,43,32,0,1468,0,208,127,43,13,0,0,0,0,0,583,203,684,482,49,69,70,47
GHCND:USW00023271,SACRAMENTO 5 ESE CA US,20101106,5,16,43,39,0,1475,0,213,130,44,13,0,0,0,0,0,579,200,680,479,49,68,70,48
GHCND:USW00023271,SACRAMENTO 5 ESE CA US,20101107,5,16,43,46,0,1482,0,218,134,46,13,0,0,0,0,0,576,198,675,477,49,68,69,49
GHCND:USW00023271,SACRAMENTO 5 ESE CA US,20101108,5,16,43,53,0,1489,0,224,137,47,13,0,0,0,0,0,572,196,670,474,49,68,69,49
GHCND:USW00023271,SACRAMENTO 5 ESE CA US,20101109,5,16,43,60,0,1496,0,229,140,48,14,0,0,0,0,0,568,194,665,471,49,68,69,49
GHCND:USW00023271,SACRAMENTO 5 ESE CA US,20101110,5,16,44,67,0,1503,0,234,144,50,14,0,0,0,0,0,564,192,660,469,49,68,68,50
GHCND:USW00023271,SACRAMENTO 5 ESE CA US,20101111,5,16,44,74,0,1510,0,239,146,51,14,0,0,0,0,0,561,189,655,466,49,67,68,50
GHCND:USW00023271,SACRAMENTO 5 ESE CA US,20101112,5,16,44,82,0,1518,0,244,149,52,15,0,0,0,0,0,557,187,651,463,49,67,67,51
GHCND:USW00023271,SACRAMENTO 5 ESE CA US,20101113,5,16,44,89,0,1525,0,248,152,53,15,0,0,0,0,0,553,185,646,461,49,67,67,51
GHCND:USW00023271,SACRAMENTO 5 ESE CA US,20101114,5,16,44,97,0,1533,0,252,154,54,15,0,0,0,0,0,550,183,642,458,49,67,66,51
GHCND:USW00023271,SACRAMENTO 5 ESE CA US,20101115,5,16,44,105,0,1541,0,256,157,56,15,0,0,0,0,0,546,181,637,456,49,67,66,52
GHCND:USW00023271,SACRAMENTO 5 ESE CA US,20101116,5,17,44,113,0,1549,0,261,159,57,15,0,0,0,0,0,543,180,633,453,49,67,65,52
GHCND:USW00023271,SACRAMENTO 5 ESE CA US,20101117,5,17,44,121,0,1557,0,265,162,58,16,0,0,0,0,0,539,178,628,450,48,67,65,52
GHCND:USW00023271,SACRAMENTO 5 ESE CA US,20101118,5,17,44,130,0,1566,0,268,164,59,16,0,0,0,0,0,536,176,624,448,48,67,64,53
GHCND:USW00023271,SACRAMENTO 5 ESE CA US,20101119,5,17,43,139,0,1575,0,272,166,59,16,0,0,0,0,0,532,174,619,445,48,67,64,53
GHCND:USW00023271,SACRAMENTO 5 ESE CA US,20101120,5,17,43,148,0,1584,0,276,167,60,16,0,0,0,0,0,529,172,615,443,48,67,63,53
GHCND:USW00023271,SACRAMENTO 5 ESE CA US,20101121,5,17,43,157,0,1593,0,279,169,61,16,0,0,0,0,0,526,171,611,440,48,67,63,54
GHCND:USW00023271,SACRAMENTO 5 ESE CA US,20101122,5,17,43,166,0,1602,0,283,171,62,16,0,0,0,0,0,523,169,607,438,48,67,62,54
GHCND:USW00023271,SACRAMENTO 5 ESE CA US,20101123,5,17,44,176,0,1612,0,287,173,64,16,0,0,0,0,0,519,167,603,436,48,67,62,54
GHCND:USW00023271,SACRAMENTO 5 ESE CA US,20101124,5,17,44,185,0,1621,0,290,175,65,16,0,0,0,0,0,516,166,599,433,47,67,61,55
GHCND:USW00023271,SACRAMENTO 5 ESE CA US,20101125,4,17,44,194,0,1630,0,293,177,66,16,0,0,0,0,0,513,164,595,431,47,67,61,55
GHCND:USW00023271,SACRAMENTO 5 ESE CA US,20101126,4,17,45,204,0,1640,0,296,179,67,17,0,0,0,0,0,510,163,592,429,47,67,60,55
GHCND:USW00023271,SACRAMENTO 5 ESE CA US,20101127,4,17,45,214,0,1650,0,299,180,68,17,0,0,0,0,0,507,161,588,427,47,67,60,56
GHCND:USW00023271,SACRAMENTO 5 ESE CA US,20101128,4,17,45,223,0,1659,0,302,182,70,17,0,0,0,0,0,505,160,585,425,47,67,59,56
GHCND:USW00023271,SACRAMENTO 5 ESE CA US,20101129,4,17,46,233,0,1669,0,305,184,71,17,0,0,0,0,0,502,158,581,423,47,67,59,56
GHCND:USW00023271,SACRAMENTO 5 ESE CA US,20101130,4,17,46,243,0,1679,0,308,185,72,17,0,0,0,0,0,499,157,578,421,47,66,58,56
GHCND:USW00023271,SACRAMENTO 5 ESE CA US,20101201,4,17,46,10,0,1689,0,311,187,73,17,0,0,0,0,0,497,156,575,419,47,66,58,57
GHCND:USW00023271,SACRAMENTO 5 ESE CA US,20101202,4,17,46,20,0,1699,0,313,189,74,17,0,0,0,0,0,494,154,571,417,47,66,57,57
GHCND:USW00023271,SACRAMENTO 5 ESE CA US,20101203,4,18,46,30,0,1709,0,316,190,75,17,0,0,0,0,0,492,153,568,416,47,66,57,57
GHCND:USW00023271,SACRAMENTO 5 ESE CA US,20101204,4,18,47,40,0,1719,0,319,192,75,17,0,0,0,0,0,490,152,565,414,47,65,57,57
GHCND:USW00023271,SACRAMENTO 5 ESE CA US,20101205,4,18,47,50,0,1729,0,321,194,76,18,0,0,0,0,0,488,150,563,412,47,65,57,57
GHCND:USW00023271,SACRAMENTO 5 ESE CA US,20101206,4,18,47,60,0,1739,0,323,195,77,18,0,0,0,0,0,485,149,560,411,47,65,57,58
GHCND:USW00023271,SACRAMENTO 5 ESE CA US,20101207,4,18,48,71,0,1750,0,324,196,78,18,0,0,0,0,0,483,148,557,410,47,65,57,58
GHCND:USW00023271,SACRAMENTO 5 ESE CA US,20101208,4,19,48,82,0,1761,0,325,197,79,18,0,0,0,0,0,482,147,555,408,47,65,57,58
GHCND:USW00023271,SACRAMENTO 5 ESE CA US,20101209,4,19,48,92,0,1771,0,327,199,80,19,0,0,0,0,0,480,145,552,407,48,65,57,58
GHCND:USW00023271,SACRAMENTO 5 ESE CA US,20101210,4,19,48,102,0,1781,0,328,200,81,19,0,0,0,0,0,478,144,550,406,48,65,57,59
GHCND:USW00023271,SACRAMENTO 5 ESE CA US,20101211,4,19,49,113,0,1792,0,330,201,81,19,0,0,0,0,0,476,143,548,405,48,65,57,59
GHCND:USW00023271,SACRAMENTO 5 ESE CA US,20101212,4,19,49,124,0,1803,0,331,202,82,20,0,0,0,0,0,475,142,546,404,49,65,58,59
GHCND:USW00023271,SACRAMENTO 5 ESE CA US,20101213,4,20,49,134,0,1813,0,332,203,83,20,0,0,0,0,0,474,141,544,403,49,65,58,60
GHCND:USW00023271,SACRAMENTO 5 ESE CA US,20101214,4,20,49,145,0,1824,0,333,203,83,21,0,0,0,0,0,472,140,542,402,50,65,58,60
GHCND:USW00023271,SACRAMENTO 5 ESE CA US,20101215,4,20,50,156,0,1835,0,334,204,84,21,0,0,0,0,0,471,139,540,402,50,65,59,60
GHCND:USW00023271,SACRAMENTO 5 ESE CA US,20101216,4,20,50,167,0,1846,0,335,204,85,22,0,0,0,0,0,470,138,539,401,50,65,59,61
GHCND:USW00023271,SACRAMENTO 5 ESE CA US,20101217,4,20,51,178,0,1857,0,335,205,86,23,0,0,0,0,0,469,137,537,401,51,65,59,61
GHCND:USW00023271,SACRAMENTO 5 ESE CA US,20101218,4,20,51,189,0,1868,0,336,206,86,23,0,0,0,0,0,468,136,536,400,51,65,59,61
GHCND:USW00023271,SACRAMENTO 5 ESE CA US,20101219,4,20,51,201,0,1880,0,337,207,87,24,0,0,0,0,0,467,135,534,400,51,65,60,61
GHCND:USW00023271,SACRAMENTO 5 ESE CA US,20101220,4,20,52,213,0,1892,0,337,207,88,24,0,0,0,0,0,466,134,533,399,51,65,60,62
GHCND:USW00023271,SACRAMENTO 5 ESE CA US,20101221,4,20,52,225,0,1904,0,338,207,88,25,0,0,0,0,0,466,133,532,399,51,65,60,62
GHCND:USW00023271,SACRAMENTO 5 ESE CA US,20101222,4,20,52,238,0,1917,0,338,208,88,26,0,0,0,0,0,465,132,531,399,52,65,60,62
GHCND:USW00023271,SACRAMENTO 5 ESE CA US,20101223,4,20,52,250,0,1929,0,338,208,88,26,0,0,0,0,0,464,132,530,399,52,65,60,62
GHCND:USW00023271,SACRAMENTO 5 ESE CA US,20101224,4,20,52,262,0,1941,0,339,208,89,27,0,0,0,0,0,464,131,529,399,52,65,60,62
GHCND:USW00023271,SACRAMENTO 5 ESE CA US,20101225,4,20,53,274,0,1953,0,340,209,89,28,0,0,0,0,0,464,130,529,399,52,65,61,62
GHCND:USW00023271,SACRAMENTO 5 ESE CA US,20101226,4,20,53,287,0,1966,0,341,209,90,28,0,0,0,0,0,463,130,528,399,52,65,61,62
GHCND:USW00023271,SACRAMENTO 5 ESE CA US,20101227,4,20,53,299,0,1978,0,343,210,90,29,0,0,0,0,0,463,129,528,399,52,65,61,62
GHCND:USW00023271,SACRAMENTO 5 ESE CA US,20101228,4,20,53,311,0,1990,0,345,211,91,30,0,0,0,0,0,463,129,527,399,52,65,61,61
GHCND:USW00023271,SACRAMENTO 5 ESE CA US,20101229,4,20,53,323,0,2002,0,346,212,91,31,0,0,0,0,0,463,128,527,399,52,66,61,61
GHCND:USW00023271,SACRAMENTO 5 ESE CA US,20101230,4,20,53,335,0,2014,0,347,212,91,31,0,0,0,0,0,463,128,527,399,52,66,61,61
GHCND:USW00023271,SACRAMENTO 5 ESE CA US,20101231,4,20,53,348,0,2027,0,348,212,92,31,0,0,0,0,0,463,128,527,399,51,66,61,61
