STATION,STATION_NAME,DATE,DLY-PRCP-25PCTL,DLY-SNWD-25PCTL,DLY-SNOW-25PCTL,DLY-PRCP-50PCTL,DLY-SNWD-50PCTL,DLY-SNOW-50PCTL,DLY-PRCP-75PCTL,DLY-SNWD-75PCTL,DLY-SNOW-75PCTL,MTD-PRCP-NORMAL,MTD-SNOW-NORMAL,YTD-PRCP-NORMAL,YTD-SNOW-NORMAL,DLY-PRCP-PCTALL-GE001HI,DLY-PRCP-PCTALL-GE010HI,DLY-PRCP-PCTALL-GE050HI,DLY-PRCP-PCTALL-GE100HI,DLY-SNWD-PCTALL-GE001WI,DLY-SNWD-PCTALL-GE010WI,DLY-SNWD-PCTALL-GE003WI,DLY-SNWD-PCTALL-GE005WI,DLY-SNOW-PCTALL-GE001TI,DLY-SNOW-PCTALL-GE010TI,DLY-SNOW-PCTALL-GE100TI,DLY-SNOW-PCTALL-GE030TI,DLY-SNOW-PCTALL-GE050TI,DLY-TAVG-NORMAL,DLY-DUTR-NORMAL,DLY-TMAX-NORMAL,DLY-TMIN-NORMAL,DLY-TAVG-STDDEV,DLY-DUTR-STDDEV,DLY-TMAX-STDDEV,DLY-TMIN-STDDEV
GHCND:USW00014914,FARGO HECTOR INTERNATIONAL AIRPORT ND US,20100101,1,2,2,3,6,5,11,9,14,3,4,3,4,289,77,7,0,802,173,578,470,307,102,3,36,14,100,170,185,15,140,74,141,149
GHCND:USW00014914,FARGO HECTOR INTERNATIONAL AIRPORT ND US,20100102,1,2,2,3,6,5,11,9,14,5,8,5,8,288,76,7,0,805,176,582,476,306,101,3,36,14,98,171,184,13,140,74,140,149
GHCND:USW00014914,FARGO HECTOR INTERNATIONAL AIRPORT ND US,20100103,1,2,2,3,6,5,11,9,14,8,12,8,12,287,76,7,0,808,180,586,483,305,100,3,36,14,97,172,183,11,140,74,140,149
GHCND:USW00014914,FARGO HECTOR INTERNATIONAL AIRPORT ND US,20100104,1,2,2,3,6,5,11,9,14,10,16,10,16,286,75,7,0,810,184,590,489,305,100,4,36,15,96,173,182,9,139,74,140,148
GHCND:USW00014914,FARGO HECTOR INTERNATIONAL AIRPORT ND US,20100105,1,2,2,3,6,5,11,9,14,13,20,13,20,286,74,7,0,813,188,594,495,304,99,4,36,15,94,173,181,8,139,74,140,148
GHCND:USW00014914,FARGO HECTOR INTERNATIONAL AIRPORT ND US,20100106,1,2,2,3,6,5,10,10,14,15,24,15,24,285,74,7,0,815,193,598,500,304,99,4,35,15,93,174,181,6,139,74,139,148
GHCND:USW00014914,FARGO HECTOR INTERNATIONAL AIRPORT ND US,20100107,1,2,2,3,7,5,10,10,14,18,28,18,28,284,73,6,0,817,199,602,506,303,98,4,35,15,92,175,180,5,139,74,139,148
GHCND:USW00014914,FARGO HECTOR INTERNATIONAL AIRPORT ND US,20100108,1,3,2,3,7,5,10,10,14,20,31,20,31,283,72,6,0,819,205,606,511,301,97,4,34,15,91,176,180,3,138,74,139,148
GHCND:USW00014914,FARGO HECTOR INTERNATIONAL AIRPORT ND US,20100109,1,3,2,3,7,5,10,10,13,23,35,23,35,282,71,6,0,820,211,610,516,300,96,4,34,15,91,177,179,2,138,75,138,148
GHCND:USW00014914,FARGO HECTOR INTERNATIONAL AIRPORT ND US,20100110,1,3,2,3,7,5,10,10,13,25,40,25,40,281,70,6,0,820,217,614,521,299,95,4,33,15,90,178,179,1,138,75,138,148
GHCND:USW00014914,FARGO HECTOR INTERNATIONAL AIRPORT ND US,20100111,1,3,2,3,7,5,10,11,13,28,44,28,44,280,69,5,0,821,224,618,526,298,94,4,32,15,89,179,179,0,138,75,138,148
GHCND:USW00014914,FARGO HECTOR INTERNATIONAL AIRPORT ND US,20100112,1,3,2,3,7,5,9,11,13,30,48,30,48,279,68,5,0,820,232,621,531,297,93,4,32,14,89,180,179,-1,138,75,139,148
GHCND:USW00014914,FARGO HECTOR INTERNATIONAL AIRPORT ND US,20100113,1,3,2,3,7,5,9,11,13,33,52,33,52,278,67,5,0,819,239,625,536,295,92,4,31,14,88,181,179,-2,138,75,139,148
GHCND:USW00014914,FARGO HECTOR INTERNATIONAL AIRPORT ND US,20100114,1,3,2,3,7,5,9,11,13,35,56,35,56,277,66,5,0,818,247,628,540,294,90,4,30,14,88,182,179,-3,139,75,139,148
GHCND:USW00014914,FARGO HECTOR INTERNATIONAL AIRPORT ND US,20100115,1,3,2,3,7,5,9,12,12,37,59,37,59,275,65,5,0,817,255,632,545,292,89,4,29,14,88,183,179,-4,139,75,140,148
GHCND:USW00014914,FARGO HECTOR INTERNATIONAL AIRPORT ND US,20100116,1,3,2,3,7,5,9,12,12,40,63,40,63,274,65,5,0,816,262,635,549,291,88,5,29,13,88,184,180,-4,139,75,140,148
GHCND:USW00014914,FARGO HECTOR INTERNATIONAL AIRPORT ND US,20100117,1,3,2,3,7,5,9,12,12,42,67,42,67,273,64,4,0,815,270,638,553,290,87,5,28,13,88,185,180,-5,140,75,141,148
GHCND:USW00014914,FARGO HECTOR INTERNATIONAL AIRPORT ND US,20100118,1,3,2,3,7,5,9,12,12,44,70,44,70,272,63,4,0,813,278,640,557,288,86,5,27,13,88,186,181,-5,140,75,141,148
GHCND:USW00014914,FARGO HECTOR INTERNATIONAL AIRPORT ND US,20100119,1,3,2,3,7,5,9,13,12,46,74,46,74,271,63,4,0,812,286,643,561,286,85,4,27,13,88,187,182,-5,140,75,142,149
GHCND:USW00014914,FARGO HECTOR INTERNATIONAL AIRPORT ND US,20100120,1,4,2,3,8,5,9,13,12,49,78,49,78,271,63,4,0,811,294,645,565,285,85,4,26,13,89,187,182,-5,141,75,142,149
GHCND:USW00014914,FARGO HECTOR INTERNATIONAL AIRPORT ND US,20100121,1,4,2,3,8,5,9,13,12,51,81,51,81,271,62,4,0,809,301,647,568,284,84,4,25,13,89,188,183,-5,141,75,143,149
GHCND:USW00014914,FARGO HECTOR INTERNATIONAL AIRPORT ND US,20100122,1,4,2,3,8,5,9,13,12,53,84,53,84,270,62,4,0,808,309,649,571,282,83,4,25,12,90,189,184,-5,141,75,143,149
GHCND:USW00014914,FARGO HECTOR INTERNATIONAL AIRPORT ND US,20100123,1,4,2,3,8,5,9,13,12,55,88,55,88,269,62,3,0,807,316,652,575,281,83,4,24,12,91,190,186,-4,142,75,144,150
GHCND:USW00014914,FARGO HECTOR INTERNATIONAL AIRPORT ND US,20100124,1,4,2,3,8,5,9,14,12,57,91,57,91,268,61,3,0,806,323,655,579,279,82,4,23,12,92,190,187,-3,142,75,144,150
GHCND:USW00014914,FARGO HECTOR INTERNATIONAL AIRPORT ND US,20100125,1,4,2,3,8,5,9,14,12,59,94,59,94,266,61,3,0,805,329,657,582,277,81,4,23,11,93,191,188,-3,142,76,144,150
GHCND:USW00014914,FARGO HECTOR INTERNATIONAL AIRPORT ND US,20100126,1,4,2,3,8,5,9,14,12,60,97,60,97,265,60,3,0,803,334,660,585,274,80,4,22,11,94,191,190,-2,142,76,144,150
GHCND:USW00014914,FARGO HECTOR INTERNATIONAL AIRPORT ND US,20100127,1,4,2,3,8,5,9,14,12,62,100,62,100,263,60,3,0,802,339,662,588,272,80,4,21,11,95,192,191,-1,142,76,144,150
GHCND:USW00014914,FARGO HECTOR INTERNATIONAL AIRPORT ND US,20100128,1,4,2,3,8,5,9,14,12,64,103,64,103,262,60,3,0,800,344,664,591,270,80,3,20,10,97,192,193,1,142,76,143,150
GHCND:USW00014914,FARGO HECTOR INTERNATIONAL AIRPORT ND US,20100129,1,4,2,4,8,5,9,14,12,66,106,66,106,261,60,3,0,799,348,666,593,269,80,3,20,10,98,192,195,2,142,76,143,150
GHCND:USW00014914,FARGO HECTOR INTERNATIONAL AIRPORT ND US,20100130,1,4,2,4,8,5,9,14,12,68,109,68,109,261,60,3,0,797,352,667,594,267,80,3,19,10,100,192,196,4,142,76,143,150
GHCND:USW00014914,FARGO HECTOR INTERNATIONAL AIRPORT ND US,20100131,1,4,2,4,8,5,9,14,12,70,112,70,112,261,60,3,0,795,355,669,596,265,80,3,19,9,102,192,198,6,142,76,143,150
GHCND:USW00014914,FARGO HECTOR INTERNATIONAL AIRPORT ND US,20100201,2,4,2,4,8,5,9,14,12,2,2,72,114,260,61,2,0,794,357,670,597,264,80,-9999,18,9,104,192,200,8,142,76,143,151
GHCND:USW00014914,FARGO HECTOR INTERNATIONAL AIRPORT ND US,20100202,2,5,2,4,9,5,9,14,12,3,5,73,117,260,61,2,0,792,359,671,598,262,80,-9999,18,9,106,192,202,10,142,76,142,151
GHCND:USW00014914,FARGO HECTOR INTERNATIONAL AIRPORT ND US,20100203,2,5,2,4,9,5,9,14,12,5,7,75,119,259,62,2,0,789,361,672,599,260,80,-9999,18,9,109,192,205,13,142,75,142,151
GHCND:USW00014914,FARGO HECTOR INTERNATIONAL AIRPORT ND US,20100204,2,5,2,4,9,5,9,14,12,7,10,77,122,259,63,2,0,787,361,672,600,259,81,-9999,18,8,111,192,207,15,142,75,142,151
GHCND:USW00014914,FARGO HECTOR INTERNATIONAL AIRPORT ND US,20100205,2,5,2,4,9,5,9,14,12,9,12,79,124,259,64,3,0,785,361,673,600,257,81,-9999,18,8,114,191,209,18,142,75,141,152
GHCND:USW00014914,FARGO HECTOR INTERNATIONAL AIRPORT ND US,20100206,2,5,2,4,9,5,10,14,13,11,15,81,127,259,65,3,0,782,361,673,600,256,82,-9999,18,8,116,191,211,21,142,75,141,152
GHCND:USW00014914,FARGO HECTOR INTERNATIONAL AIRPORT ND US,20100207,2,5,2,4,9,5,10,13,13,12,17,82,129,259,67,3,0,780,359,673,600,255,83,-9999,18,8,119,190,214,24,141,75,140,152
GHCND:USW00014914,FARGO HECTOR INTERNATIONAL AIRPORT ND US,20100208,2,5,2,4,9,5,10,13,13,14,19,84,131,259,68,3,0,778,358,673,600,254,83,-9999,18,8,122,189,217,27,141,75,140,152
GHCND:USW00014914,FARGO HECTOR INTERNATIONAL AIRPORT ND US,20100209,2,5,2,4,9,5,10,13,13,15,21,85,133,259,70,3,0,776,356,672,599,253,84,-9999,19,8,125,188,219,31,141,75,139,152
GHCND:USW00014914,FARGO HECTOR INTERNATIONAL AIRPORT ND US,20100210,2,5,2,4,9,5,11,13,14,17,23,87,135,260,72,4,0,775,353,672,599,252,85,-9999,19,8,128,188,222,34,141,75,139,152
GHCND:USW00014914,FARGO HECTOR INTERNATIONAL AIRPORT ND US,20100211,2,5,2,4,9,5,11,13,14,19,25,89,137,260,73,4,0,773,350,672,598,251,86,-9999,20,8,131,187,225,38,140,75,138,152
GHCND:USW00014914,FARGO HECTOR INTERNATIONAL AIRPORT ND US,20100212,2,5,2,5,9,5,11,13,14,20,27,90,139,261,75,4,0,772,347,672,597,250,88,-9999,21,8,135,185,227,42,140,75,137,152
GHCND:USW00014914,FARGO HECTOR INTERNATIONAL AIRPORT ND US,20100213,2,5,2,5,9,5,12,13,15,22,29,92,141,261,77,5,0,771,343,671,595,249,89,-9999,21,9,138,184,230,46,139,75,136,152
GHCND:USW00014914,FARGO HECTOR INTERNATIONAL AIRPORT ND US,20100214,2,5,2,5,9,5,12,12,15,24,32,94,144,262,79,5,0,770,340,671,593,247,89,-9999,22,9,142,183,233,50,139,75,135,151
GHCND:USW00014914,FARGO HECTOR INTERNATIONAL AIRPORT ND US,20100215,2,5,2,5,9,5,12,12,15,26,34,96,146,263,80,5,0,769,335,670,591,246,90,-9999,23,9,145,182,236,54,138,75,135,151
GHCND:USW00014914,FARGO HECTOR INTERNATIONAL AIRPORT ND US,20100216,2,5,2,5,9,5,12,12,16,28,36,98,148,263,82,6,0,768,331,669,589,245,91,-9999,23,9,149,181,239,59,137,75,134,151
GHCND:USW00014914,FARGO HECTOR INTERNATIONAL AIRPORT ND US,20100217,2,5,2,5,9,6,12,12,16,30,38,100,150,263,83,6,0,766,326,668,586,244,92,-9999,24,9,153,179,243,63,137,75,133,151
GHCND:USW00014914,FARGO HECTOR INTERNATIONAL AIRPORT ND US,20100218,2,5,2,5,8,6,13,12,16,33,41,103,153,264,85,7,0,765,321,667,582,243,93,-9999,24,9,157,178,246,68,136,76,132,150
GHCND:USW00014914,FARGO HECTOR INTERNATIONAL AIRPORT ND US,20100219,2,5,2,5,8,6,13,12,17,35,44,105,156,264,86,7,0,763,315,665,578,242,94,-9999,25,10,161,176,249,73,135,76,131,150
GHCND:USW00014914,FARGO HECTOR INTERNATIONAL AIRPORT ND US,20100220,2,5,2,5,8,6,13,11,17,38,46,108,158,264,87,7,0,761,309,662,574,241,95,-9999,26,10,165,175,252,77,134,76,130,149
GHCND:USW00014914,FARGO HECTOR INTERNATIONAL AIRPORT ND US,20100221,2,5,2,5,8,6,13,11,17,40,49,110,161,265,89,8,-9999,758,303,658,568,240,96,-9999,26,10,169,174,256,82,134,76,129,148
GHCND:USW00014914,FARGO HECTOR INTERNATIONAL AIRPORT ND US,20100222,2,5,2,5,8,6,14,11,17,43,52,113,164,265,91,8,-9999,754,297,654,562,239,97,-9999,27,10,173,172,259,87,133,76,128,148
GHCND:USW00014914,FARGO HECTOR INTERNATIONAL AIRPORT ND US,20100223,2,5,2,5,8,6,14,11,18,46,55,116,167,266,92,9,-9999,750,291,649,556,237,98,-9999,28,10,177,171,263,92,132,77,127,147
GHCND:USW00014914,FARGO HECTOR INTERNATIONAL AIRPORT ND US,20100224,2,5,2,5,8,6,14,11,18,49,58,119,170,267,94,9,-9999,745,285,644,550,236,99,-9999,29,11,182,170,267,97,131,77,126,146
GHCND:USW00014914,FARGO HECTOR INTERNATIONAL AIRPORT ND US,20100225,2,5,2,5,8,6,15,11,18,52,61,122,173,268,96,10,-9999,740,279,638,543,235,99,-9999,29,11,186,168,270,102,130,77,126,146
GHCND:USW00014914,FARGO HECTOR INTERNATIONAL AIRPORT ND US,20100226,2,4,2,6,8,6,15,11,19,55,64,125,176,268,97,10,-9999,734,274,632,536,233,100,-9999,30,11,191,167,274,107,130,77,125,145
GHCND:USW00014914,FARGO HECTOR INTERNATIONAL AIRPORT ND US,20100227,2,4,2,6,8,7,15,11,19,58,67,128,179,268,98,11,-9999,728,268,626,529,231,100,-9999,31,11,195,166,278,112,129,77,124,144
GHCND:USW00014914,FARGO HECTOR INTERNATIONAL AIRPORT ND US,20100228,2,4,2,6,8,7,15,11,19,61,70,131,182,268,100,11,-9999,721,262,620,522,229,100,-9999,32,12,199,165,282,117,128,77,124,143
GHCND:USW00014914,FARGO HECTOR INTERNATIONAL AIRPORT ND US,20100301,2,4,2,6,8,7,16,10,20,4,4,135,186,269,102,13,1,707,250,606,507,225,99,2,33,12,204,164,286,122,127,77,123,142
GHCND:USW00014914,FARGO HECTOR INTERNATIONAL AIRPORT ND US,20100302,2,4,2,6,7,7,16,10,20,8,7,139,189,269,103,13,1,699,244,599,499,222,99,2,34,13,209,163,290,127,126,77,122,141
GHCND:USW00014914,FARGO HECTOR INTERNATIONAL AIRPORT ND US,20100303,2,4,2,6,7,7,17,10,21,11,11,142,193,270,104,14,1,691,237,590,490,220,98,2,34,13,213,162,294,132,125,77,122,140
GHCND:USW00014914,FARGO HECTOR INTERNATIONAL AIRPORT ND US,20100304,2,4,2,6,7,7,17,10,21,15,14,146,196,270,105,14,1,682,231,582,482,217,97,2,35,13,218,161,299,137,124,77,121,139
GHCND:USW00014914,FARGO HECTOR INTERNATIONAL AIRPORT ND US,20100305,2,4,2,6,7,7,17,10,21,19,18,150,200,271,105,15,1,672,225,573,472,215,96,2,35,13,223,161,303,142,123,77,121,137
GHCND:USW00014914,FARGO HECTOR INTERNATIONAL AIRPORT ND US,20100306,2,4,2,6,7,7,17,10,21,23,22,154,204,271,106,16,1,662,218,563,462,211,95,2,35,14,227,160,307,147,122,77,120,136
GHCND:USW00014914,FARGO HECTOR INTERNATIONAL AIRPORT ND US,20100307,2,4,2,6,7,7,18,10,21,26,25,157,207,271,106,16,1,652,212,552,452,208,93,2,35,14,232,160,312,152,121,77,119,135
GHCND:USW00014914,FARGO HECTOR INTERNATIONAL AIRPORT ND US,20100308,2,4,2,6,7,7,18,10,21,30,29,161,211,270,106,17,1,640,205,541,442,204,91,2,35,14,237,159,317,157,120,77,119,133
GHCND:USW00014914,FARGO HECTOR INTERNATIONAL AIRPORT ND US,20100309,2,4,2,6,7,6,18,10,21,35,32,166,214,270,106,17,1,628,198,529,431,200,89,2,34,14,242,159,322,162,119,77,118,131
GHCND:USW00014914,FARGO HECTOR INTERNATIONAL AIRPORT ND US,20100310,2,4,2,6,7,6,18,10,21,39,36,170,218,269,106,18,1,616,190,516,419,196,87,2,34,14,247,159,327,167,118,77,118,130
GHCND:USW00014914,FARGO HECTOR INTERNATIONAL AIRPORT ND US,20100311,2,4,2,6,7,6,18,10,21,43,40,174,222,268,106,18,1,602,183,503,406,192,85,2,33,14,252,160,332,172,116,77,117,128
GHCND:USW00014914,FARGO HECTOR INTERNATIONAL AIRPORT ND US,20100312,2,4,2,7,7,6,18,10,21,47,43,178,225,267,106,19,1,588,176,488,394,188,82,2,33,14,257,160,337,177,115,77,117,126
GHCND:USW00014914,FARGO HECTOR INTERNATIONAL AIRPORT ND US,20100313,2,4,2,7,7,6,18,10,21,51,47,182,229,266,106,19,1,572,168,473,379,183,80,2,32,14,262,161,342,181,114,78,116,124
GHCND:USW00014914,FARGO HECTOR INTERNATIONAL AIRPORT ND US,20100314,2,3,2,7,6,6,19,10,21,56,50,187,232,265,105,19,1,555,160,456,365,179,78,2,32,14,267,161,347,186,112,78,116,122
GHCND:USW00014914,FARGO HECTOR INTERNATIONAL AIRPORT ND US,20100315,2,3,2,7,6,6,19,10,21,60,53,191,235,263,105,20,1,538,152,440,350,175,75,2,31,14,272,162,353,191,111,78,115,120
GHCND:USW00014914,FARGO HECTOR INTERNATIONAL AIRPORT ND US,20100316,2,3,2,7,6,6,19,10,21,64,56,195,238,263,106,20,1,520,145,423,336,170,73,2,31,14,277,163,359,195,110,78,115,118
GHCND:USW00014914,FARGO HECTOR INTERNATIONAL AIRPORT ND US,20100317,2,3,2,7,6,6,19,9,21,69,60,200,242,262,106,20,2,502,138,406,322,166,71,2,30,14,282,164,364,200,109,79,115,116
GHCND:USW00014914,FARGO HECTOR INTERNATIONAL AIRPORT ND US,20100318,2,3,2,7,6,6,19,9,21,74,63,205,245,261,106,20,2,484,130,389,308,161,68,2,30,14,287,166,370,205,108,79,115,114
GHCND:USW00014914,FARGO HECTOR INTERNATIONAL AIRPORT ND US,20100319,2,3,2,7,6,6,19,9,21,78,66,209,248,260,107,21,2,465,124,372,294,156,66,2,29,14,293,167,376,209,106,79,114,112
GHCND:USW00014914,FARGO HECTOR INTERNATIONAL AIRPORT ND US,20100320,2,3,2,7,6,6,20,9,21,83,68,214,250,259,107,21,2,447,117,355,281,152,64,1,29,14,298,169,382,214,105,79,114,110
GHCND:USW00014914,FARGO HECTOR INTERNATIONAL AIRPORT ND US,20100321,2,3,2,7,6,6,20,9,21,87,71,218,253,258,108,22,2,428,110,339,268,147,61,1,28,14,303,171,388,218,104,80,114,108
GHCND:USW00014914,FARGO HECTOR INTERNATIONAL AIRPORT ND US,20100322,2,3,2,7,6,6,20,9,21,91,73,222,255,257,108,22,2,410,104,323,254,143,59,1,27,14,309,172,395,222,103,80,114,106
GHCND:USW00014914,FARGO HECTOR INTERNATIONAL AIRPORT ND US,20100323,2,3,2,7,6,6,20,9,21,96,76,227,258,256,109,22,2,392,98,307,241,138,57,1,27,14,314,174,401,227,102,81,114,104
GHCND:USW00014914,FARGO HECTOR INTERNATIONAL AIRPORT ND US,20100324,2,3,2,7,6,5,20,9,21,100,78,231,260,255,109,22,2,374,91,292,229,134,54,1,26,14,319,177,408,231,101,81,114,102
GHCND:USW00014914,FARGO HECTOR INTERNATIONAL AIRPORT ND US,20100325,2,3,2,8,6,5,21,9,20,104,80,235,262,254,109,22,2,355,85,276,216,130,52,1,25,13,325,179,414,235,100,82,114,101
GHCND:USW00014914,FARGO HECTOR INTERNATIONAL AIRPORT ND US,20100326,2,3,2,8,6,5,21,9,20,109,82,240,264,252,109,23,2,337,79,260,203,125,49,1,24,13,330,181,421,240,99,82,115,99
GHCND:USW00014914,FARGO HECTOR INTERNATIONAL AIRPORT ND US,20100327,2,3,2,8,5,5,21,9,20,113,84,244,266,251,110,23,3,320,73,245,191,121,47,1,23,13,336,184,428,244,98,83,115,97
GHCND:USW00014914,FARGO HECTOR INTERNATIONAL AIRPORT ND US,20100328,2,3,2,8,5,5,21,9,20,117,86,248,268,250,110,23,3,302,67,230,178,117,45,1,22,12,341,186,434,248,98,84,115,96
GHCND:USW00014914,FARGO HECTOR INTERNATIONAL AIRPORT ND US,20100329,2,3,2,8,5,5,21,9,20,121,88,252,270,250,111,23,3,284,61,215,166,113,43,1,22,12,347,189,441,253,98,84,116,95
GHCND:USW00014914,FARGO HECTOR INTERNATIONAL AIRPORT ND US,20100330,2,3,2,8,5,5,21,8,20,125,89,256,271,249,111,23,3,267,55,199,154,109,41,1,21,12,353,191,448,257,97,85,116,94
GHCND:USW00014914,FARGO HECTOR INTERNATIONAL AIRPORT ND US,20100331,2,2,2,8,5,4,21,8,19,130,91,261,273,248,112,23,3,250,50,185,143,105,40,1,20,11,358,194,455,261,97,85,117,93
GHCND:USW00014914,FARGO HECTOR INTERNATIONAL AIRPORT ND US,20100401,2,2,-666,8,5,-666,21,8,-666,4,2,265,275,247,112,23,3,233,-9999,171,132,102,38,0,20,11,364,197,462,265,96,86,117,92
GHCND:USW00014914,FARGO HECTOR INTERNATIONAL AIRPORT ND US,20100402,2,2,-666,8,5,-666,21,8,-666,8,3,269,276,246,112,22,3,217,-9999,157,121,98,37,0,19,10,369,200,469,269,96,87,118,91
GHCND:USW00014914,FARGO HECTOR INTERNATIONAL AIRPORT ND US,20100403,2,2,-666,8,5,-666,21,8,-666,12,5,273,278,245,113,22,4,202,-9999,144,110,94,35,0,18,10,375,203,476,274,96,87,118,90
GHCND:USW00014914,FARGO HECTOR INTERNATIONAL AIRPORT ND US,20100404,2,2,-666,8,5,-666,22,8,-666,16,6,277,279,244,113,22,4,187,-9999,131,100,91,34,0,18,10,381,205,483,278,96,88,118,90
GHCND:USW00014914,FARGO HECTOR INTERNATIONAL AIRPORT ND US,20100405,2,2,-666,9,5,-666,22,8,-666,20,8,281,281,243,113,22,4,173,-9999,119,91,87,33,0,17,9,386,208,490,282,95,88,119,89
GHCND:USW00014914,FARGO HECTOR INTERNATIONAL AIRPORT ND US,20100406,2,2,-666,9,5,-666,22,8,-666,24,9,285,282,242,113,22,4,159,-9999,107,81,84,32,0,17,9,392,211,497,286,95,89,119,88
GHCND:USW00014914,FARGO HECTOR INTERNATIONAL AIRPORT ND US,20100407,2,2,-666,9,5,-666,22,8,-666,28,10,289,283,241,114,22,4,146,-9999,96,73,81,31,0,17,8,398,214,504,291,95,89,120,88
GHCND:USW00014914,FARGO HECTOR INTERNATIONAL AIRPORT ND US,20100408,2,2,-666,9,5,-666,22,8,-666,32,11,293,284,241,114,22,5,133,-9999,86,65,78,31,0,16,8,403,216,511,295,95,90,120,88
GHCND:USW00014914,FARGO HECTOR INTERNATIONAL AIRPORT ND US,20100409,2,-666,-666,9,-666,-666,22,-666,-666,36,12,297,285,242,115,22,5,122,-9999,77,58,75,30,0,16,8,409,219,518,299,95,91,121,87
GHCND:USW00014914,FARGO HECTOR INTERNATIONAL AIRPORT ND US,20100410,2,-666,-666,9,-666,-666,23,-666,-666,39,13,300,286,243,117,22,5,111,-9999,68,51,73,30,0,16,7,414,222,525,303,95,91,121,87
GHCND:USW00014914,FARGO HECTOR INTERNATIONAL AIRPORT ND US,20100411,2,-666,-666,9,-666,-666,23,-666,-666,43,14,304,287,244,118,23,5,102,-9999,61,46,70,29,0,16,7,420,224,532,308,95,91,122,87
GHCND:USW00014914,FARGO HECTOR INTERNATIONAL AIRPORT ND US,20100412,2,-666,-666,9,-666,-666,23,-666,-666,47,15,308,288,246,119,23,5,93,-9999,55,42,68,28,0,15,7,425,227,539,312,95,91,122,87
GHCND:USW00014914,FARGO HECTOR INTERNATIONAL AIRPORT ND US,20100413,2,-666,-666,9,-666,-666,24,-666,-666,52,16,313,289,247,121,23,6,86,-9999,49,37,65,28,0,15,6,431,229,546,316,95,92,122,86
GHCND:USW00014914,FARGO HECTOR INTERNATIONAL AIRPORT ND US,20100414,2,-666,-666,9,-666,-666,24,-666,-666,56,17,317,290,248,122,24,6,78,-9999,44,33,62,27,0,15,6,436,232,552,321,95,92,122,86
GHCND:USW00014914,FARGO HECTOR INTERNATIONAL AIRPORT ND US,20100415,2,-666,-666,9,-666,-666,25,-666,-666,60,18,321,291,250,124,25,6,72,-9999,39,30,60,26,0,14,5,442,234,559,325,95,92,122,86
GHCND:USW00014914,FARGO HECTOR INTERNATIONAL AIRPORT ND US,20100416,2,-666,-666,9,-666,-666,25,-666,-666,64,19,325,292,252,125,26,7,65,-9999,34,26,57,26,0,14,5,447,236,565,329,95,92,122,86
GHCND:USW00014914,FARGO HECTOR INTERNATIONAL AIRPORT ND US,20100417,2,-666,-666,9,-666,-666,25,-666,-666,68,20,329,293,254,127,26,7,60,-9999,30,23,55,25,0,13,5,452,238,571,333,95,93,122,86
GHCND:USW00014914,FARGO HECTOR INTERNATIONAL AIRPORT ND US,20100418,2,-666,-666,9,-666,-666,26,-666,-666,72,21,333,294,257,129,27,7,54,-9999,26,19,52,24,0,13,4,458,240,577,338,95,93,122,86
GHCND:USW00014914,FARGO HECTOR INTERNATIONAL AIRPORT ND US,20100419,2,-666,-666,10,-666,-666,26,-666,-666,76,22,337,295,260,130,28,8,49,-9999,23,17,50,23,0,13,4,463,241,584,342,95,93,122,86
GHCND:USW00014914,FARGO HECTOR INTERNATIONAL AIRPORT ND US,20100420,2,-666,-666,10,-666,-666,27,-666,-666,81,23,342,296,263,132,29,8,45,-9999,19,14,48,23,0,13,4,468,243,589,346,95,93,122,86
GHCND:USW00014914,FARGO HECTOR INTERNATIONAL AIRPORT ND US,20100421,2,-666,-666,10,-666,-666,27,-666,-666,85,24,346,297,266,133,30,9,41,-9999,16,12,45,22,0,13,3,473,245,595,351,95,93,121,86
GHCND:USW00014914,FARGO HECTOR INTERNATIONAL AIRPORT ND US,20100422,2,-666,-666,10,-666,-666,27,-666,-666,89,25,350,298,269,135,31,9,37,-9999,13,10,43,21,0,12,3,478,246,601,355,94,93,121,86
GHCND:USW00014914,FARGO HECTOR INTERNATIONAL AIRPORT ND US,20100423,2,-666,-666,10,-666,-666,28,-666,-666,94,25,355,298,272,137,32,9,34,-9999,11,8,41,21,0,12,3,483,247,606,359,94,93,121,86
GHCND:USW00014914,FARGO HECTOR INTERNATIONAL AIRPORT ND US,20100424,2,-666,-666,10,-666,-666,28,-666,-666,100,26,361,299,276,140,33,10,31,0,9,6,39,20,0,12,3,487,248,612,363,94,93,120,86
GHCND:USW00014914,FARGO HECTOR INTERNATIONAL AIRPORT ND US,20100425,2,-666,-666,10,-666,-666,29,-666,-666,105,27,366,300,280,142,34,10,28,0,7,5,37,19,0,12,3,492,249,617,368,94,93,120,86
GHCND:USW00014914,FARGO HECTOR INTERNATIONAL AIRPORT ND US,20100426,2,-666,-666,10,-666,-666,29,-666,-666,111,28,372,301,285,145,35,11,26,0,5,4,35,19,0,12,2,497,250,622,372,93,93,119,86
GHCND:USW00014914,FARGO HECTOR INTERNATIONAL AIRPORT ND US,20100427,2,-666,-666,10,-666,-666,29,-666,-666,117,28,378,301,289,147,36,11,24,0,4,3,34,18,0,11,2,501,251,627,376,93,92,119,86
GHCND:USW00014914,FARGO HECTOR INTERNATIONAL AIRPORT ND US,20100428,2,-666,-666,10,-666,-666,30,-666,-666,123,29,384,302,293,149,38,12,22,0,3,2,32,17,0,11,2,506,251,631,380,93,92,118,86
GHCND:USW00014914,FARGO HECTOR INTERNATIONAL AIRPORT ND US,20100429,2,-666,-666,10,-666,-666,30,-666,-666,129,29,390,302,297,151,39,12,20,0,2,1,30,16,0,10,2,510,252,636,384,93,92,118,87
GHCND:USW00014914,FARGO HECTOR INTERNATIONAL AIRPORT ND US,20100430,2,-666,-666,10,-666,-666,31,-666,-666,136,30,397,303,300,153,40,12,19,0,2,1,28,15,0,10,2,514,252,640,388,92,92,117,87
GHCND:USW00014914,FARGO HECTOR INTERNATIONAL AIRPORT ND US,20100501,2,-666,-666,10,-666,-666,31,-666,-666,7,0,404,303,304,156,41,13,-9999,0,-9999,0,26,-9999,0,-9999,-9999,519,252,645,392,92,91,117,87
GHCND:USW00014914,FARGO HECTOR INTERNATIONAL AIRPORT ND US,20100502,3,-666,-666,10,-666,-666,31,-666,-666,15,0,412,303,308,158,42,13,-9999,0,-9999,0,24,-9999,0,-9999,-9999,523,252,649,396,92,91,116,87
GHCND:USW00014914,FARGO HECTOR INTERNATIONAL AIRPORT ND US,20100503,3,-666,-666,10,-666,-666,32,-666,-666,22,0,419,303,312,161,44,14,-9999,0,0,0,22,-9999,0,-9999,-9999,527,252,653,400,92,91,116,87
GHCND:USW00014914,FARGO HECTOR INTERNATIONAL AIRPORT ND US,20100504,3,-666,-666,10,-666,-666,32,-666,-666,30,0,427,303,317,164,45,15,-9999,0,0,0,21,-9999,0,-9999,-9999,531,252,657,404,91,90,115,86
GHCND:USW00014914,FARGO HECTOR INTERNATIONAL AIRPORT ND US,20100505,3,-666,-666,10,-666,-666,32,-666,-666,38,0,435,303,321,167,47,15,-9999,0,0,0,19,-9999,0,-9999,-9999,534,252,660,408,91,90,114,86
GHCND:USW00014914,FARGO HECTOR INTERNATIONAL AIRPORT ND US,20100506,3,-666,-666,10,-666,-666,33,-666,-666,46,0,443,303,326,170,48,16,-9999,0,0,0,18,-9999,0,-9999,-9999,538,252,664,412,90,90,113,86
GHCND:USW00014914,FARGO HECTOR INTERNATIONAL AIRPORT ND US,20100507,3,-666,-666,11,-666,-666,33,-666,-666,54,0,451,303,329,173,49,16,-9999,0,0,0,16,-9999,0,-9999,-9999,542,251,668,416,90,89,112,86
GHCND:USW00014914,FARGO HECTOR INTERNATIONAL AIRPORT ND US,20100508,3,-666,-666,11,-666,-666,33,-666,-666,62,0,459,303,333,176,50,17,-9999,0,0,0,15,-9999,0,-9999,-9999,546,251,671,420,89,89,111,86
GHCND:USW00014914,FARGO HECTOR INTERNATIONAL AIRPORT ND US,20100509,3,-666,-666,11,-666,-666,34,-666,-666,71,0,468,303,336,178,51,17,-9999,0,0,0,13,-9999,0,-9999,-9999,549,250,674,424,88,88,110,86
GHCND:USW00014914,FARGO HECTOR INTERNATIONAL AIRPORT ND US,20100510,3,-666,-666,11,-666,-666,34,-666,-666,80,0,477,303,339,180,52,18,-9999,0,0,0,12,-9999,0,-9999,-9999,553,250,677,428,88,88,109,86
GHCND:USW00014914,FARGO HECTOR INTERNATIONAL AIRPORT ND US,20100511,3,-666,-666,11,-666,-666,34,-666,-666,89,0,486,303,342,182,53,18,-9999,0,0,0,11,-9999,0,-9999,-9999,556,249,681,431,87,87,108,85
GHCND:USW00014914,FARGO HECTOR INTERNATIONAL AIRPORT ND US,20100512,3,-666,-666,11,-666,-666,34,-666,-666,97,0,494,303,345,184,53,19,-9999,0,0,0,10,-9999,0,-9999,-9999,559,248,684,435,87,87,107,85
GHCND:USW00014914,FARGO HECTOR INTERNATIONAL AIRPORT ND US,20100513,3,-666,-666,11,-666,-666,33,-666,-666,106,0,503,303,348,185,53,19,-9999,0,0,0,9,-9999,0,-9999,0,563,248,687,439,86,87,107,85
GHCND:USW00014914,FARGO HECTOR INTERNATIONAL AIRPORT ND US,20100514,3,-666,-666,11,-666,-666,33,-666,-666,114,0,511,303,350,187,54,19,-9999,0,0,0,8,-9999,0,-9999,0,566,247,689,443,85,86,106,84
GHCND:USW00014914,FARGO HECTOR INTERNATIONAL AIRPORT ND US,20100515,3,-666,-666,11,-666,-666,33,-666,-666,123,0,520,303,352,188,54,20,-9999,0,0,0,7,-9999,0,-9999,0,569,246,692,446,85,86,105,84
GHCND:USW00014914,FARGO HECTOR INTERNATIONAL AIRPORT ND US,20100516,3,-666,-666,11,-666,-666,33,-666,-666,133,0,530,303,354,190,55,20,-9999,0,0,0,6,-9999,0,-9999,0,572,245,695,450,84,85,104,84
GHCND:USW00014914,FARGO HECTOR INTERNATIONAL AIRPORT ND US,20100517,3,-666,-666,11,-666,-666,33,-666,-666,142,0,539,303,356,191,55,21,-9999,0,0,0,5,-9999,0,-9999,0,576,244,698,454,83,84,103,83
GHCND:USW00014914,FARGO HECTOR INTERNATIONAL AIRPORT ND US,20100518,4,-666,-666,11,-666,-666,33,-666,-666,152,0,549,303,357,193,56,21,-9999,0,0,0,5,-9999,0,-9999,0,579,243,700,457,83,84,102,83
GHCND:USW00014914,FARGO HECTOR INTERNATIONAL AIRPORT ND US,20100519,4,-666,-666,11,-666,-666,33,-666,-666,162,0,559,303,359,195,56,21,-9999,0,0,0,4,-9999,0,-9999,0,582,242,703,461,82,83,101,83
GHCND:USW00014914,FARGO HECTOR INTERNATIONAL AIRPORT ND US,20100520,4,-666,-666,11,-666,-666,33,-666,-666,171,0,568,303,362,198,57,22,-9999,0,0,0,3,-9999,0,-9999,0,585,241,706,464,82,82,100,82
GHCND:USW00014914,FARGO HECTOR INTERNATIONAL AIRPORT ND US,20100521,4,-666,-666,12,-666,-666,33,-666,-666,181,0,578,303,364,200,58,22,-9999,0,0,0,3,-9999,0,-9999,0,588,240,708,468,81,82,99,82
GHCND:USW00014914,FARGO HECTOR INTERNATIONAL AIRPORT ND US,20100522,4,-666,-666,12,-666,-666,33,-666,-666,191,0,588,303,366,202,59,23,-9999,0,0,0,2,-9999,0,-9999,0,591,239,711,471,80,81,98,81
GHCND:USW00014914,FARGO HECTOR INTERNATIONAL AIRPORT ND US,20100523,4,-666,-666,12,-666,-666,33,-666,-666,201,0,598,303,367,203,60,23,-9999,0,0,0,2,-9999,0,-9999,0,594,238,713,475,80,81,97,81
GHCND:USW00014914,FARGO HECTOR INTERNATIONAL AIRPORT ND US,20100524,4,-666,-666,12,-666,-666,33,-666,-666,210,0,607,303,368,204,60,24,-9999,0,0,0,1,-9999,0,-9999,0,597,238,716,478,79,80,96,80
GHCND:USW00014914,FARGO HECTOR INTERNATIONAL AIRPORT ND US,20100525,4,-666,-666,12,-666,-666,33,-666,-666,220,0,617,303,369,205,61,24,-9999,0,0,0,1,0,0,0,0,600,237,718,482,78,79,95,80
GHCND:USW00014914,FARGO HECTOR INTERNATIONAL AIRPORT ND US,20100526,4,-9999,-666,12,-9999,-666,33,-9999,-666,230,0,627,303,370,207,62,25,0,0,0,0,1,0,0,0,0,603,236,721,485,78,79,94,79
GHCND:USW00014914,FARGO HECTOR INTERNATIONAL AIRPORT ND US,20100527,4,-9999,-9999,12,-9999,-9999,33,-9999,-9999,240,0,637,303,372,208,62,25,0,0,0,0,0,0,0,0,0,606,235,724,489,77,78,94,79
GHCND:USW00014914,FARGO HECTOR INTERNATIONAL AIRPORT ND US,20100528,4,-9999,-9999,12,-9999,-9999,33,-9999,-9999,250,0,647,303,373,210,63,26,0,0,0,0,0,0,0,0,0,609,234,726,492,76,77,93,78
GHCND:USW00014914,FARGO HECTOR INTERNATIONAL AIRPORT ND US,20100529,4,-9999,-9999,13,-9999,-9999,33,-9999,-9999,260,0,657,303,375,212,64,26,0,0,0,0,0,0,0,0,0,612,233,729,496,76,77,92,77
GHCND:USW00014914,FARGO HECTOR INTERNATIONAL AIRPORT ND US,20100530,4,-9999,-9999,13,-9999,-9999,33,-9999,-9999,270,0,667,303,377,214,65,27,0,0,0,0,0,0,0,0,0,615,232,731,499,75,76,91,77
GHCND:USW00014914,FARGO HECTOR INTERNATIONAL AIRPORT ND US,20100531,4,-9999,-9999,13,-9999,-9999,34,-9999,-9999,281,0,678,303,378,215,65,27,0,0,0,0,0,0,0,0,0,618,232,734,502,75,76,91,76
GHCND:USW00014914,FARGO HECTOR INTERNATIONAL AIRPORT ND US,20100601,4,-9999,-9999,13,-9999,-9999,34,-9999,-9999,11,0,689,303,379,217,66,27,0,0,0,0,0,0,0,0,0,621,231,737,506,74,75,90,76
GHCND:USW00014914,FARGO HECTOR INTERNATIONAL AIRPORT ND US,20100602,4,-9999,-9999,13,-9999,-9999,34,-9999,-9999,22,0,700,303,380,218,67,27,0,0,0,0,0,0,0,0,0,624,230,739,509,74,75,89,75
GHCND:USW00014914,FARGO HECTOR INTERNATIONAL AIRPORT ND US,20100603,4,-9999,-9999,13,-9999,-9999,34,-9999,-9999,34,0,712,303,381,219,67,28,0,0,0,0,0,0,0,0,0,627,229,742,512,73,74,89,75
GHCND:USW00014914,FARGO HECTOR INTERNATIONAL AIRPORT ND US,20100604,4,-9999,-9999,13,-9999,-9999,34,-9999,-9999,47,0,725,303,382,220,68,28,0,0,0,0,0,0,0,0,0,630,229,745,516,73,74,88,75
GHCND:USW00014914,FARGO HECTOR INTERNATIONAL AIRPORT ND US,20100605,4,-9999,-9999,13,-9999,-9999,34,-9999,-9999,60,0,738,303,383,221,69,28,0,0,0,0,0,0,0,0,0,633,228,747,519,73,73,88,74
GHCND:USW00014914,FARGO HECTOR INTERNATIONAL AIRPORT ND US,20100606,4,-9999,-9999,13,-9999,-9999,34,-9999,-9999,73,0,751,303,384,222,70,28,0,0,0,0,0,0,0,0,0,636,228,750,522,72,72,87,74
GHCND:USW00014914,FARGO HECTOR INTERNATIONAL AIRPORT ND US,20100607,4,-9999,-9999,13,-9999,-9999,35,-9999,-9999,85,0,763,303,385,223,70,29,0,0,0,0,0,0,0,0,0,639,227,753,526,72,72,87,74
GHCND:USW00014914,FARGO HECTOR INTERNATIONAL AIRPORT ND US,20100608,4,-9999,-9999,14,-9999,-9999,35,-9999,-9999,98,0,776,303,385,224,71,29,0,0,0,0,0,0,0,0,0,642,226,755,529,72,71,87,74
GHCND:USW00014914,FARGO HECTOR INTERNATIONAL AIRPORT ND US,20100609,4,-9999,-9999,14,-9999,-9999,35,-9999,-9999,111,0,789,303,386,225,72,30,0,0,0,0,0,0,0,0,0,645,226,758,532,72,71,86,74
GHCND:USW00014914,FARGO HECTOR INTERNATIONAL AIRPORT ND US,20100610,4,-9999,-9999,14,-9999,-9999,35,-9999,-9999,124,0,802,303,386,226,73,30,0,0,0,0,0,0,0,0,0,648,226,761,535,72,70,86,74
GHCND:USW00014914,FARGO HECTOR INTERNATIONAL AIRPORT ND US,20100611,4,-9999,-9999,14,-9999,-9999,36,-9999,-9999,138,0,816,303,387,227,74,30,0,0,0,0,0,0,0,0,0,651,225,763,538,72,69,85,73
GHCND:USW00014914,FARGO HECTOR INTERNATIONAL AIRPORT ND US,20100612,4,-9999,-9999,14,-9999,-9999,36,-9999,-9999,151,0,829,303,387,228,75,31,0,0,0,0,0,0,0,0,0,654,225,766,541,71,69,85,73
GHCND:USW00014914,FARGO HECTOR INTERNATIONAL AIRPORT ND US,20100613,4,-9999,-9999,14,-9999,-9999,36,-9999,-9999,165,0,843,303,388,228,75,31,0,0,0,0,0,0,0,0,0,656,224,769,544,71,68,85,73
GHCND:USW00014914,FARGO HECTOR INTERNATIONAL AIRPORT ND US,20100614,4,-9999,-9999,14,-9999,-9999,37,-9999,-9999,178,0,856,303,388,229,76,31,0,0,0,0,0,0,0,0,0,659,224,771,547,71,67,84,73
GHCND:USW00014914,FARGO HECTOR INTERNATIONAL AIRPORT ND US,20100615,4,-9999,-9999,14,-9999,-9999,37,-9999,-9999,191,0,869,303,388,228,76,31,0,0,0,0,0,0,0,0,0,662,224,774,550,71,67,84,72
GHCND:USW00014914,FARGO HECTOR INTERNATIONAL AIRPORT ND US,20100616,4,-9999,-9999,14,-9999,-9999,37,-9999,-9999,205,0,883,303,387,228,77,32,0,0,0,0,0,0,0,0,0,665,224,776,553,71,66,84,72
GHCND:USW00014914,FARGO HECTOR INTERNATIONAL AIRPORT ND US,20100617,4,-9999,-9999,14,-9999,-9999,37,-9999,-9999,218,0,896,303,387,227,77,32,0,0,0,0,0,0,0,0,0,667,223,779,555,70,66,83,72
GHCND:USW00014914,FARGO HECTOR INTERNATIONAL AIRPORT ND US,20100618,4,-9999,-9999,14,-9999,-9999,37,-9999,-9999,232,0,910,303,386,226,77,32,0,0,0,0,0,0,0,0,0,670,223,781,558,70,66,83,72
GHCND:USW00014914,FARGO HECTOR INTERNATIONAL AIRPORT ND US,20100619,3,-9999,-9999,14,-9999,-9999,38,-9999,-9999,245,0,923,303,385,225,77,32,0,0,0,0,0,0,0,0,0,672,223,784,561,70,65,83,71
GHCND:USW00014914,FARGO HECTOR INTERNATIONAL AIRPORT ND US,20100620,3,-9999,-9999,14,-9999,-9999,38,-9999,-9999,259,0,937,303,383,224,77,32,0,0,0,0,0,0,0,0,0,675,223,786,563,70,65,82,71
GHCND:USW00014914,FARGO HECTOR INTERNATIONAL AIRPORT ND US,20100621,3,-9999,-9999,14,-9999,-9999,38,-9999,-9999,272,0,950,303,382,223,77,32,0,0,0,0,0,0,0,0,0,677,223,789,566,69,64,82,71
GHCND:USW00014914,FARGO HECTOR INTERNATIONAL AIRPORT ND US,20100622,3,-9999,-9999,14,-9999,-9999,38,-9999,-9999,285,0,963,303,381,222,76,32,0,0,0,0,0,0,0,0,0,680,223,791,568,69,64,81,71
GHCND:USW00014914,FARGO HECTOR INTERNATIONAL AIRPORT ND US,20100623,3,-9999,-9999,14,-9999,-9999,38,-9999,-9999,299,0,977,303,380,221,76,32,0,0,0,0,0,0,0,0,0,682,223,793,570,69,64,81,70
GHCND:USW00014914,FARGO HECTOR INTERNATIONAL AIRPORT ND US,20100624,3,-9999,-9999,14,-9999,-9999,38,-9999,-9999,312,0,990,303,378,220,76,31,0,0,0,0,0,0,0,0,0,684,223,796,573,69,63,81,70
GHCND:USW00014914,FARGO HECTOR INTERNATIONAL AIRPORT ND US,20100625,3,-9999,-9999,14,-9999,-9999,38,-9999,-9999,326,0,1004,303,375,218,76,31,0,0,0,0,0,0,0,0,0,686,223,798,575,68,63,80,70
GHCND:USW00014914,FARGO HECTOR INTERNATIONAL AIRPORT ND US,20100626,3,-9999,-9999,14,-9999,-9999,38,-9999,-9999,339,0,1017,303,373,216,75,31,0,0,0,0,0,0,0,0,0,688,223,800,577,68,63,80,69
GHCND:USW00014914,FARGO HECTOR INTERNATIONAL AIRPORT ND US,20100627,3,-9999,-9999,14,-9999,-9999,38,-9999,-9999,352,0,1030,303,370,214,74,30,0,0,0,0,0,0,0,0,0,690,223,802,579,68,62,80,69
GHCND:USW00014914,FARGO HECTOR INTERNATIONAL AIRPORT ND US,20100628,3,-9999,-9999,13,-9999,-9999,38,-9999,-9999,365,0,1043,303,367,212,74,30,0,0,0,0,0,0,0,0,0,692,223,804,580,67,62,79,69
GHCND:USW00014914,FARGO HECTOR INTERNATIONAL AIRPORT ND US,20100629,4,-9999,-9999,13,-9999,-9999,38,-9999,-9999,378,0,1056,303,364,210,73,30,0,0,0,0,0,0,0,0,0,694,223,806,582,67,62,79,69
GHCND:USW00014914,FARGO HECTOR INTERNATIONAL AIRPORT ND US,20100630,4,-9999,-9999,13,-9999,-9999,38,-9999,-9999,390,0,1068,303,361,208,72,30,0,0,0,0,0,0,0,0,0,696,224,807,584,67,61,78,68
GHCND:USW00014914,FARGO HECTOR INTERNATIONAL AIRPORT ND US,20100701,4,-9999,-9999,13,-9999,-9999,38,-9999,-9999,12,0,1080,303,359,207,72,30,0,0,0,0,0,0,0,0,0,697,224,809,585,66,61,78,68
GHCND:USW00014914,FARGO HECTOR INTERNATIONAL AIRPORT ND US,20100702,4,-9999,-9999,13,-9999,-9999,39,-9999,-9999,24,0,1092,303,356,205,71,29,0,0,0,0,0,0,0,0,0,699,224,811,587,66,60,77,67
GHCND:USW00014914,FARGO HECTOR INTERNATIONAL AIRPORT ND US,20100703,4,-9999,-9999,13,-9999,-9999,38,-9999,-9999,35,0,1103,303,353,203,70,29,0,0,0,0,0,0,0,0,0,700,224,813,588,65,60,76,67
GHCND:USW00014914,FARGO HECTOR INTERNATIONAL AIRPORT ND US,20100704,4,-9999,-9999,13,-9999,-9999,39,-9999,-9999,46,0,1114,303,349,200,69,29,0,0,0,0,0,0,0,0,0,702,225,814,589,65,60,76,66
GHCND:USW00014914,FARGO HECTOR INTERNATIONAL AIRPORT ND US,20100705,4,-9999,-9999,13,-9999,-9999,38,-9999,-9999,57,0,1125,303,346,198,68,28,0,0,0,0,0,0,0,0,0,703,225,816,591,64,60,75,66
GHCND:USW00014914,FARGO HECTOR INTERNATIONAL AIRPORT ND US,20100706,4,-9999,-9999,13,-9999,-9999,38,-9999,-9999,67,0,1135,303,343,196,67,28,0,0,0,0,0,0,0,0,0,704,225,817,592,63,59,75,65
GHCND:USW00014914,FARGO HECTOR INTERNATIONAL AIRPORT ND US,20100707,4,-9999,-9999,13,-9999,-9999,38,-9999,-9999,78,0,1146,303,340,193,66,28,0,0,0,0,0,0,0,0,0,705,226,818,593,63,59,74,65
GHCND:USW00014914,FARGO HECTOR INTERNATIONAL AIRPORT ND US,20100708,4,-9999,-9999,12,-9999,-9999,38,-9999,-9999,88,0,1156,303,337,191,65,27,0,0,0,0,0,0,0,0,0,707,226,820,594,62,59,73,64
GHCND:USW00014914,FARGO HECTOR INTERNATIONAL AIRPORT ND US,20100709,4,-9999,-9999,12,-9999,-9999,38,-9999,-9999,97,0,1165,303,334,189,64,27,0,0,0,0,0,0,0,0,0,708,226,821,594,62,59,73,64
GHCND:USW00014914,FARGO HECTOR INTERNATIONAL AIRPORT ND US,20100710,4,-9999,-9999,12,-9999,-9999,38,-9999,-9999,107,0,1175,303,331,186,63,26,0,0,0,0,0,0,0,0,0,708,227,822,595,61,59,72,64
GHCND:USW00014914,FARGO HECTOR INTERNATIONAL AIRPORT ND US,20100711,4,-9999,-9999,12,-9999,-9999,37,-9999,-9999,117,0,1185,303,328,183,61,26,0,0,0,0,0,0,0,0,0,709,227,823,596,61,59,72,63
GHCND:USW00014914,FARGO HECTOR INTERNATIONAL AIRPORT ND US,20100712,4,-9999,-9999,12,-9999,-9999,37,-9999,-9999,126,0,1194,303,325,181,60,25,0,0,0,0,0,0,0,0,0,710,228,824,596,60,58,71,63
GHCND:USW00014914,FARGO HECTOR INTERNATIONAL AIRPORT ND US,20100713,4,-9999,-9999,12,-9999,-9999,37,-9999,-9999,136,0,1204,303,322,178,59,24,0,0,0,0,0,0,0,0,0,711,228,825,597,60,58,71,63
GHCND:USW00014914,FARGO HECTOR INTERNATIONAL AIRPORT ND US,20100714,4,-9999,-9999,11,-9999,-9999,36,-9999,-9999,145,0,1213,303,319,176,58,24,0,0,0,0,0,0,0,0,0,711,229,826,597,60,58,70,62
GHCND:USW00014914,FARGO HECTOR INTERNATIONAL AIRPORT ND US,20100715,4,-9999,-9999,11,-9999,-9999,36,-9999,-9999,154,0,1222,303,316,174,56,24,0,0,0,0,0,0,0,0,0,712,229,827,597,59,58,69,62
GHCND:USW00014914,FARGO HECTOR INTERNATIONAL AIRPORT ND US,20100716,4,-9999,-9999,11,-9999,-9999,36,-9999,-9999,163,0,1231,303,314,172,55,23,0,0,0,0,0,0,0,0,0,713,230,827,598,59,57,69,62
GHCND:USW00014914,FARGO HECTOR INTERNATIONAL AIRPORT ND US,20100717,4,-9999,-9999,11,-9999,-9999,35,-9999,-9999,172,0,1240,303,311,170,54,23,0,0,0,0,0,0,0,0,0,713,230,828,598,58,57,68,62
GHCND:USW00014914,FARGO HECTOR INTERNATIONAL AIRPORT ND US,20100718,4,-9999,-9999,11,-9999,-9999,35,-9999,-9999,181,0,1249,303,309,168,53,22,0,0,0,0,0,0,0,0,0,713,231,829,598,58,57,68,62
GHCND:USW00014914,FARGO HECTOR INTERNATIONAL AIRPORT ND US,20100719,4,-9999,-9999,11,-9999,-9999,35,-9999,-9999,189,0,1257,303,306,166,52,22,0,0,0,0,0,0,0,0,0,714,231,829,598,58,57,67,61
GHCND:USW00014914,FARGO HECTOR INTERNATIONAL AIRPORT ND US,20100720,4,-9999,-9999,11,-9999,-9999,35,-9999,-9999,197,0,1265,303,304,164,51,21,0,0,0,0,0,0,0,0,0,714,232,830,598,58,57,67,61
GHCND:USW00014914,FARGO HECTOR INTERNATIONAL AIRPORT ND US,20100721,4,-9999,-9999,11,-9999,-9999,34,-9999,-9999,205,0,1273,303,301,161,50,21,0,0,0,0,0,0,0,0,0,714,232,830,598,57,56,67,61
GHCND:USW00014914,FARGO HECTOR INTERNATIONAL AIRPORT ND US,20100722,4,-9999,-9999,11,-9999,-9999,34,-9999,-9999,213,0,1281,303,299,159,49,20,0,0,0,0,0,0,0,0,0,714,233,831,598,57,56,66,61
GHCND:USW00014914,FARGO HECTOR INTERNATIONAL AIRPORT ND US,20100723,4,-9999,-9999,10,-9999,-9999,34,-9999,-9999,221,0,1289,303,297,158,48,20,0,0,0,0,0,0,0,0,0,714,233,831,598,57,56,66,61
GHCND:USW00014914,FARGO HECTOR INTERNATIONAL AIRPORT ND US,20100724,3,-9999,-9999,10,-9999,-9999,34,-9999,-9999,228,0,1296,303,295,156,48,20,0,0,0,0,0,0,0,0,0,715,234,831,598,57,56,66,61
GHCND:USW00014914,FARGO HECTOR INTERNATIONAL AIRPORT ND US,20100725,3,-9999,-9999,10,-9999,-9999,34,-9999,-9999,235,0,1303,303,294,154,47,19,0,0,0,0,0,0,0,0,0,715,234,832,597,57,56,66,61
GHCND:USW00014914,FARGO HECTOR INTERNATIONAL AIRPORT ND US,20100726,3,-9999,-9999,10,-9999,-9999,33,-9999,-9999,243,0,1311,303,292,153,46,19,0,0,0,0,0,0,0,0,0,714,235,832,597,57,56,66,62
GHCND:USW00014914,FARGO HECTOR INTERNATIONAL AIRPORT ND US,20100727,3,-9999,-9999,10,-9999,-9999,33,-9999,-9999,250,0,1318,303,291,151,46,19,0,0,0,0,0,0,0,0,0,714,235,832,597,57,56,66,62
GHCND:USW00014914,FARGO HECTOR INTERNATIONAL AIRPORT ND US,20100728,3,-9999,-9999,10,-9999,-9999,33,-9999,-9999,257,0,1325,303,289,150,45,19,0,0,0,0,0,0,0,0,0,714,236,832,596,58,56,66,62
GHCND:USW00014914,FARGO HECTOR INTERNATIONAL AIRPORT ND US,20100729,3,-9999,-9999,10,-9999,-9999,33,-9999,-9999,265,0,1333,303,288,148,44,18,0,0,0,0,0,0,0,0,0,714,236,832,596,58,56,66,62
GHCND:USW00014914,FARGO HECTOR INTERNATIONAL AIRPORT ND US,20100730,3,-9999,-9999,10,-9999,-9999,32,-9999,-9999,272,0,1340,303,287,147,44,18,0,0,0,0,0,0,0,0,0,714,237,832,595,58,56,67,63
GHCND:USW00014914,FARGO HECTOR INTERNATIONAL AIRPORT ND US,20100731,3,-9999,-9999,10,-9999,-9999,32,-9999,-9999,279,0,1347,303,286,145,43,18,0,0,0,0,0,0,0,0,0,713,237,832,595,59,56,67,63
GHCND:USW00014914,FARGO HECTOR INTERNATIONAL AIRPORT ND US,20100801,3,-9999,-9999,10,-9999,-9999,32,-9999,-9999,7,0,1354,303,286,144,42,17,0,0,0,0,0,0,0,0,0,713,237,832,594,59,57,68,63
GHCND:USW00014914,FARGO HECTOR INTERNATIONAL AIRPORT ND US,20100802,3,-9999,-9999,9,-9999,-9999,32,-9999,-9999,14,0,1361,303,286,143,42,17,0,0,0,0,0,0,0,0,0,712,238,831,594,59,57,68,63
GHCND:USW00014914,FARGO HECTOR INTERNATIONAL AIRPORT ND US,20100803,3,-9999,-9999,9,-9999,-9999,32,-9999,-9999,21,0,1368,303,285,143,42,17,0,0,0,0,0,0,0,0,0,712,238,831,593,60,57,68,64
GHCND:USW00014914,FARGO HECTOR INTERNATIONAL AIRPORT ND US,20100804,3,-9999,-9999,10,-9999,-9999,32,-9999,-9999,28,0,1375,303,285,143,42,17,0,0,0,0,0,0,0,0,0,711,238,830,592,60,57,69,64
GHCND:USW00014914,FARGO HECTOR INTERNATIONAL AIRPORT ND US,20100805,3,-9999,-9999,10,-9999,-9999,32,-9999,-9999,35,0,1382,303,285,143,42,17,0,0,0,0,0,0,0,0,0,711,239,830,591,60,58,69,65
GHCND:USW00014914,FARGO HECTOR INTERNATIONAL AIRPORT ND US,20100806,3,-9999,-9999,10,-9999,-9999,32,-9999,-9999,42,0,1389,303,285,143,42,17,0,0,0,0,0,0,0,0,0,710,239,829,590,61,58,70,65
GHCND:USW00014914,FARGO HECTOR INTERNATIONAL AIRPORT ND US,20100807,3,-9999,-9999,10,-9999,-9999,32,-9999,-9999,50,0,1397,303,285,143,42,17,0,0,0,0,0,0,0,0,0,709,239,828,589,61,58,70,65
GHCND:USW00014914,FARGO HECTOR INTERNATIONAL AIRPORT ND US,20100808,3,-9999,-9999,10,-9999,-9999,32,-9999,-9999,57,0,1404,303,286,144,42,18,0,0,0,0,0,0,0,0,0,708,239,828,588,62,59,71,66
GHCND:USW00014914,FARGO HECTOR INTERNATIONAL AIRPORT ND US,20100809,3,-9999,-9999,10,-9999,-9999,33,-9999,-9999,64,0,1411,303,286,145,43,18,0,0,0,0,0,0,0,0,0,707,240,827,587,62,59,71,66
GHCND:USW00014914,FARGO HECTOR INTERNATIONAL AIRPORT ND US,20100810,3,-9999,-9999,10,-9999,-9999,33,-9999,-9999,71,0,1418,303,286,146,43,19,0,0,0,0,0,0,0,0,0,706,240,826,586,62,59,72,66
GHCND:USW00014914,FARGO HECTOR INTERNATIONAL AIRPORT ND US,20100811,3,-9999,-9999,11,-9999,-9999,33,-9999,-9999,79,0,1426,303,287,147,44,19,0,0,0,0,0,0,0,0,0,705,240,824,585,63,60,72,67
GHCND:USW00014914,FARGO HECTOR INTERNATIONAL AIRPORT ND US,20100812,3,-9999,-9999,11,-9999,-9999,34,-9999,-9999,86,0,1433,303,287,148,45,19,0,0,0,0,0,0,0,0,0,703,240,823,583,63,60,73,67
GHCND:USW00014914,FARGO HECTOR INTERNATIONAL AIRPORT ND US,20100813,3,-9999,-9999,11,-9999,-9999,34,-9999,-9999,94,0,1441,303,287,149,45,20,0,0,0,0,0,0,0,0,0,702,240,822,582,63,61,73,67
GHCND:USW00014914,FARGO HECTOR INTERNATIONAL AIRPORT ND US,20100814,3,-9999,-9999,11,-9999,-9999,35,-9999,-9999,101,0,1448,303,287,151,46,20,0,0,0,0,0,0,0,0,0,700,240,820,580,64,61,74,68
GHCND:USW00014914,FARGO HECTOR INTERNATIONAL AIRPORT ND US,20100815,3,-9999,-9999,11,-9999,-9999,35,-9999,-9999,109,0,1456,303,288,152,47,20,0,0,0,0,0,0,0,0,0,699,240,819,579,64,62,74,68
GHCND:USW00014914,FARGO HECTOR INTERNATIONAL AIRPORT ND US,20100816,4,-9999,-9999,12,-9999,-9999,36,-9999,-9999,117,0,1464,303,288,153,47,21,0,0,0,0,0,0,0,0,0,697,240,817,577,65,62,75,69
GHCND:USW00014914,FARGO HECTOR INTERNATIONAL AIRPORT ND US,20100817,4,-9999,-9999,12,-9999,-9999,36,-9999,-9999,125,0,1472,303,289,154,48,21,0,0,0,0,0,0,0,0,0,695,240,815,575,65,63,76,69
GHCND:USW00014914,FARGO HECTOR INTERNATIONAL AIRPORT ND US,20100818,4,-9999,-9999,12,-9999,-9999,36,-9999,-9999,133,0,1480,303,289,155,48,21,0,0,0,0,0,0,0,0,0,693,240,813,573,66,63,76,69
GHCND:USW00014914,FARGO HECTOR INTERNATIONAL AIRPORT ND US,20100819,4,-9999,-9999,12,-9999,-9999,37,-9999,-9999,143,0,1490,303,290,157,49,22,0,0,0,0,0,0,0,0,0,691,240,811,571,66,64,77,70
GHCND:USW00014914,FARGO HECTOR INTERNATIONAL AIRPORT ND US,20100820,4,-9999,-9999,12,-9999,-9999,37,-9999,-9999,152,0,1499,303,291,159,49,22,0,0,0,0,0,0,0,0,0,689,240,809,569,67,64,77,70
GHCND:USW00014914,FARGO HECTOR INTERNATIONAL AIRPORT ND US,20100821,4,-9999,-9999,13,-9999,-9999,37,-9999,-9999,161,0,1508,303,292,160,50,22,0,0,0,0,0,0,0,0,0,686,239,806,567,67,65,78,71
GHCND:USW00014914,FARGO HECTOR INTERNATIONAL AIRPORT ND US,20100822,4,-9999,-9999,13,-9999,-9999,38,-9999,-9999,171,0,1518,303,293,162,51,23,0,0,0,0,0,0,0,0,0,684,239,804,564,68,65,79,71
GHCND:USW00014914,FARGO HECTOR INTERNATIONAL AIRPORT ND US,20100823,4,-9999,-9999,13,-9999,-9999,38,-9999,-9999,181,0,1528,303,294,163,52,23,0,0,0,0,0,0,0,0,0,681,239,801,562,68,66,79,72
GHCND:USW00014914,FARGO HECTOR INTERNATIONAL AIRPORT ND US,20100824,4,-9999,-9999,13,-9999,-9999,39,-9999,-9999,191,0,1538,303,295,165,53,23,0,0,0,0,0,0,0,0,0,679,239,798,559,69,66,80,72
GHCND:USW00014914,FARGO HECTOR INTERNATIONAL AIRPORT ND US,20100825,4,-9999,-9999,13,-9999,-9999,39,-9999,-9999,201,0,1548,303,296,167,54,24,0,0,0,0,0,0,0,0,0,676,239,795,556,69,67,81,73
GHCND:USW00014914,FARGO HECTOR INTERNATIONAL AIRPORT ND US,20100826,4,-9999,-9999,13,-9999,-9999,39,-9999,-9999,210,0,1557,303,297,169,54,24,0,0,0,0,0,0,0,0,0,673,239,792,554,70,67,82,73
GHCND:USW00014914,FARGO HECTOR INTERNATIONAL AIRPORT ND US,20100827,4,-9999,-9999,13,-9999,-9999,40,-9999,-9999,220,0,1567,303,298,170,55,24,0,0,0,0,0,0,0,0,0,670,238,789,551,70,68,82,73
GHCND:USW00014914,FARGO HECTOR INTERNATIONAL AIRPORT ND US,20100828,4,-9999,-9999,14,-9999,-9999,40,-9999,-9999,229,0,1576,303,299,172,56,25,0,0,0,0,0,0,0,0,0,667,238,786,548,71,68,83,74
GHCND:USW00014914,FARGO HECTOR INTERNATIONAL AIRPORT ND US,20100829,4,-9999,-9999,14,-9999,-9999,40,-9999,-9999,238,0,1585,303,300,173,57,25,0,0,0,0,0,0,0,0,0,663,238,782,544,71,69,84,74
GHCND:USW00014914,FARGO HECTOR INTERNATIONAL AIRPORT ND US,20100830,4,-9999,-9999,14,-9999,-9999,41,-9999,-9999,247,0,1594,303,300,174,57,25,0,0,0,0,0,0,0,0,0,660,238,779,541,72,69,85,75
GHCND:USW00014914,FARGO HECTOR INTERNATIONAL AIRPORT ND US,20100831,4,-9999,-9999,14,-9999,-9999,41,-9999,-9999,256,0,1603,303,300,175,58,25,0,0,0,0,0,0,0,0,0,656,238,775,538,73,70,86,75
GHCND:USW00014914,FARGO HECTOR INTERNATIONAL AIRPORT ND US,20100901,4,-9999,-9999,14,-9999,-9999,41,-9999,-9999,10,0,1613,303,300,176,59,26,0,0,0,0,0,0,0,0,0,653,237,771,534,73,71,87,75
GHCND:USW00014914,FARGO HECTOR INTERNATIONAL AIRPORT ND US,20100902,4,-9999,-9999,14,-9999,-9999,41,-9999,-9999,19,0,1622,303,300,176,59,26,0,0,0,0,0,0,0,0,0,649,237,768,530,74,71,88,76
GHCND:USW00014914,FARGO HECTOR INTERNATIONAL AIRPORT ND US,20100903,4,-9999,-9999,14,-9999,-9999,41,-9999,-9999,29,0,1632,303,299,176,59,25,0,0,0,0,0,0,0,0,0,645,237,764,527,74,72,89,76
GHCND:USW00014914,FARGO HECTOR INTERNATIONAL AIRPORT ND US,20100904,4,-9999,-9999,14,-9999,-9999,41,-9999,-9999,39,0,1642,303,299,175,59,25,0,0,0,0,0,0,0,0,0,641,237,760,523,75,73,89,76
GHCND:USW00014914,FARGO HECTOR INTERNATIONAL AIRPORT ND US,20100905,4,-9999,-9999,14,-9999,-9999,41,-9999,-9999,49,0,1652,303,298,175,59,24,0,0,0,0,0,0,0,0,0,637,237,756,519,75,73,90,77
GHCND:USW00014914,FARGO HECTOR INTERNATIONAL AIRPORT ND US,20100906,4,-9999,-9999,14,-9999,-9999,41,-9999,-9999,59,0,1662,303,298,175,58,24,0,0,0,0,0,0,0,0,0,633,236,751,515,76,74,91,77
GHCND:USW00014914,FARGO HECTOR INTERNATIONAL AIRPORT ND US,20100907,4,-9999,-9999,13,-9999,-9999,40,-9999,-9999,69,0,1672,303,298,174,58,23,0,0,0,0,0,0,0,0,0,629,236,747,511,77,75,92,78
GHCND:USW00014914,FARGO HECTOR INTERNATIONAL AIRPORT ND US,20100908,4,-9999,-9999,13,-9999,-9999,40,-9999,-9999,79,0,1682,303,297,173,58,23,0,0,0,0,0,0,0,0,0,625,236,743,507,77,75,93,78
GHCND:USW00014914,FARGO HECTOR INTERNATIONAL AIRPORT ND US,20100909,4,-9999,-9999,13,-9999,-9999,39,-9999,-9999,88,0,1691,303,297,173,57,22,0,0,0,0,0,0,0,0,0,621,236,738,503,78,76,94,78
GHCND:USW00014914,FARGO HECTOR INTERNATIONAL AIRPORT ND US,20100910,4,-9999,-9999,13,-9999,-9999,39,-9999,-9999,98,0,1701,303,297,172,56,21,0,0,0,0,0,0,0,0,0,616,236,734,498,78,76,95,79
GHCND:USW00014914,FARGO HECTOR INTERNATIONAL AIRPORT ND US,20100911,4,-9999,-9999,13,-9999,-9999,39,-9999,-9999,107,0,1710,303,297,172,56,21,0,0,0,0,0,0,0,0,0,612,235,730,494,79,77,96,79
GHCND:USW00014914,FARGO HECTOR INTERNATIONAL AIRPORT ND US,20100912,4,-9999,-9999,13,-9999,-9999,38,-9999,-9999,117,0,1720,303,297,171,55,20,0,0,0,0,0,0,0,0,0,607,235,725,490,79,78,96,79
GHCND:USW00014914,FARGO HECTOR INTERNATIONAL AIRPORT ND US,20100913,4,-9999,-9999,13,-9999,-9999,38,-9999,-9999,126,0,1729,303,296,170,55,20,0,0,0,0,0,0,0,0,0,603,235,720,485,80,78,97,80
GHCND:USW00014914,FARGO HECTOR INTERNATIONAL AIRPORT ND US,20100914,3,-9999,-9999,13,-9999,-9999,38,-9999,-9999,136,0,1739,303,296,169,55,19,0,0,0,0,0,0,0,0,0,598,235,716,481,80,79,98,80
GHCND:USW00014914,FARGO HECTOR INTERNATIONAL AIRPORT ND US,20100915,3,-9999,-9999,13,-9999,-9999,38,-9999,-9999,144,0,1747,303,295,169,55,19,0,0,0,0,0,0,0,0,0,594,235,711,477,81,79,98,80
GHCND:USW00014914,FARGO HECTOR INTERNATIONAL AIRPORT ND US,20100916,3,-9999,-666,13,-9999,-666,37,-9999,-666,153,0,1756,303,295,168,54,19,0,0,0,0,-9999,0,0,0,0,589,234,707,472,81,80,99,81
GHCND:USW00014914,FARGO HECTOR INTERNATIONAL AIRPORT ND US,20100917,3,-9999,-666,12,-9999,-666,37,-9999,-666,160,0,1763,303,294,167,54,18,0,0,0,0,-9999,0,0,0,0,585,234,702,468,81,80,100,81
GHCND:USW00014914,FARGO HECTOR INTERNATIONAL AIRPORT ND US,20100918,3,-9999,-666,12,-9999,-666,37,-9999,-666,168,0,1771,303,293,166,54,18,0,0,0,0,-9999,0,0,0,0,580,234,697,463,82,81,100,81
GHCND:USW00014914,FARGO HECTOR INTERNATIONAL AIRPORT ND US,20100919,3,-9999,-666,12,-9999,-666,37,-9999,-666,175,0,1778,303,293,165,53,17,0,0,0,0,-9999,0,0,0,0,576,234,693,459,82,81,101,81
GHCND:USW00014914,FARGO HECTOR INTERNATIONAL AIRPORT ND US,20100920,3,-9999,-666,12,-9999,-666,36,-9999,-666,182,0,1785,303,292,165,53,17,0,0,0,0,-9999,-9999,0,0,0,571,233,688,454,83,82,102,82
GHCND:USW00014914,FARGO HECTOR INTERNATIONAL AIRPORT ND US,20100921,3,-9999,-666,12,-9999,-666,36,-9999,-666,190,0,1793,303,290,164,52,17,0,0,0,0,-9999,-9999,0,0,0,567,233,683,450,83,83,102,82
GHCND:USW00014914,FARGO HECTOR INTERNATIONAL AIRPORT ND US,20100922,3,-666,-666,12,-666,-666,36,-666,-666,197,0,1800,303,289,163,52,16,-9999,0,0,0,-9999,-9999,0,0,0,562,233,678,446,84,83,103,83
GHCND:USW00014914,FARGO HECTOR INTERNATIONAL AIRPORT ND US,20100923,3,-666,-666,12,-666,-666,35,-666,-666,204,0,1807,303,288,161,51,16,-9999,0,0,0,-9999,-9999,0,0,0,558,232,674,441,84,84,104,83
GHCND:USW00014914,FARGO HECTOR INTERNATIONAL AIRPORT ND US,20100924,3,-666,-666,12,-666,-666,35,-666,-666,211,0,1814,303,287,160,50,16,-9999,0,0,0,-9999,-9999,0,0,0,553,232,669,437,84,84,104,83
GHCND:USW00014914,FARGO HECTOR INTERNATIONAL AIRPORT ND US,20100925,3,-666,-666,12,-666,-666,35,-666,-666,219,0,1822,303,285,159,50,15,-9999,0,0,0,-9999,-9999,0,0,0,549,231,664,433,85,84,105,84
GHCND:USW00014914,FARGO HECTOR INTERNATIONAL AIRPORT ND US,20100926,3,-666,-666,12,-666,-666,35,-666,-666,226,0,1829,303,284,158,49,15,-9999,0,0,0,-9999,-9999,0,0,0,544,231,660,429,85,85,105,84
GHCND:USW00014914,FARGO HECTOR INTERNATIONAL AIRPORT ND US,20100927,3,-666,-666,12,-666,-666,34,-666,-666,234,0,1837,303,282,156,48,14,-9999,0,0,0,-9999,-9999,0,0,0,540,230,655,425,85,85,105,84
GHCND:USW00014914,FARGO HECTOR INTERNATIONAL AIRPORT ND US,20100928,3,-666,-666,12,-666,-666,34,-666,-666,241,0,1844,303,281,155,48,14,-9999,0,0,0,-9999,-9999,0,0,0,535,230,650,421,86,85,106,85
GHCND:USW00014914,FARGO HECTOR INTERNATIONAL AIRPORT ND US,20100929,3,-666,-666,12,-666,-666,34,-666,-666,249,0,1852,303,280,154,47,14,-9999,0,0,0,-9999,-9999,0,0,0,531,229,646,416,86,86,106,85
GHCND:USW00014914,FARGO HECTOR INTERNATIONAL AIRPORT ND US,20100930,3,-666,-666,12,-666,-666,34,-666,-666,257,0,1860,303,279,154,46,13,-9999,0,0,0,-9999,-9999,0,0,0,527,228,641,412,86,86,106,85
GHCND:USW00014914,FARGO HECTOR INTERNATIONAL AIRPORT ND US,20101001,3,-666,-666,12,-666,-666,33,-666,-666,8,0,1868,303,278,153,46,13,3,0,0,0,8,3,0,0,0,522,228,636,409,86,86,106,85
GHCND:USW00014914,FARGO HECTOR INTERNATIONAL AIRPORT ND US,20101002,3,-666,-666,12,-666,-666,33,-666,-666,17,0,1877,303,278,152,46,13,3,0,0,0,9,3,0,0,0,518,227,631,405,87,86,107,85
GHCND:USW00014914,FARGO HECTOR INTERNATIONAL AIRPORT ND US,20101003,3,-666,-666,12,-666,-666,33,-666,-666,25,0,1885,303,277,152,46,13,4,0,0,0,10,4,0,0,0,514,226,627,401,87,86,107,85
GHCND:USW00014914,FARGO HECTOR INTERNATIONAL AIRPORT ND US,20101004,3,-666,-666,12,-666,-666,33,-666,-666,33,0,1893,303,276,151,46,13,4,0,0,0,12,4,0,0,0,509,225,622,397,87,86,107,85
GHCND:USW00014914,FARGO HECTOR INTERNATIONAL AIRPORT ND US,20101005,3,-666,-666,12,-666,-666,33,-666,-666,42,0,1902,303,276,151,45,13,4,0,0,0,13,5,0,0,0,505,224,617,393,87,86,107,85
GHCND:USW00014914,FARGO HECTOR INTERNATIONAL AIRPORT ND US,20101006,3,-666,-666,12,-666,-666,34,-666,-666,50,0,1910,303,275,150,45,13,5,0,0,0,14,5,0,1,0,501,223,612,389,87,86,108,85
GHCND:USW00014914,FARGO HECTOR INTERNATIONAL AIRPORT ND US,20101007,3,-666,-666,12,-666,-666,33,-666,-666,58,0,1918,304,274,149,45,13,6,0,0,0,16,6,0,1,0,497,222,608,386,87,87,108,85
GHCND:USW00014914,FARGO HECTOR INTERNATIONAL AIRPORT ND US,20101008,3,-666,-666,12,-666,-666,33,-666,-666,65,0,1925,304,272,148,45,13,7,0,0,0,18,6,0,1,0,492,221,603,382,87,87,108,85
GHCND:USW00014914,FARGO HECTOR INTERNATIONAL AIRPORT ND US,20101009,3,-666,-666,12,-666,-666,33,-666,-666,73,1,1933,304,271,147,44,13,8,0,0,0,19,7,0,1,0,488,220,598,378,87,87,108,85
GHCND:USW00014914,FARGO HECTOR INTERNATIONAL AIRPORT ND US,20101010,3,-666,-666,12,-666,-666,33,-666,-666,80,1,1940,304,270,146,44,13,10,0,0,0,21,8,0,1,0,484,219,593,375,87,87,108,85
GHCND:USW00014914,FARGO HECTOR INTERNATIONAL AIRPORT ND US,20101011,3,-666,-666,11,-666,-666,32,-666,-666,88,1,1948,304,269,145,44,13,12,0,-9999,-9999,23,8,0,1,0,480,217,588,371,87,87,108,85
GHCND:USW00014914,FARGO HECTOR INTERNATIONAL AIRPORT ND US,20101012,3,-666,-666,11,-666,-666,32,-666,-666,95,1,1955,304,268,144,43,13,14,0,-9999,-9999,26,9,0,1,0,475,216,583,367,88,87,109,85
GHCND:USW00014914,FARGO HECTOR INTERNATIONAL AIRPORT ND US,20101013,3,-666,-666,11,-666,-666,32,-666,-666,103,1,1963,304,267,143,43,13,17,0,-9999,-9999,28,10,0,1,0,471,215,578,364,88,87,109,86
GHCND:USW00014914,FARGO HECTOR INTERNATIONAL AIRPORT ND US,20101014,3,-666,-666,11,-666,-666,31,-666,-666,110,1,1970,304,266,141,42,12,20,0,-9999,-9999,30,11,0,1,0,466,213,573,360,88,87,110,86
GHCND:USW00014914,FARGO HECTOR INTERNATIONAL AIRPORT ND US,20101015,3,-666,-666,11,-666,-666,31,-666,-666,118,1,1978,305,265,140,41,12,23,0,-9999,-9999,33,12,0,2,0,462,212,568,356,89,87,110,86
GHCND:USW00014914,FARGO HECTOR INTERNATIONAL AIRPORT ND US,20101016,3,-666,-666,11,-666,-666,30,-666,-666,125,2,1985,305,264,138,41,12,26,0,-9999,-9999,36,12,0,2,0,457,210,563,352,89,87,110,86
GHCND:USW00014914,FARGO HECTOR INTERNATIONAL AIRPORT ND US,20101017,3,-666,-666,10,-666,-666,30,-666,-666,132,2,1992,305,262,136,40,11,29,0,-9999,-9999,38,13,0,2,-9999,453,209,557,349,89,87,111,87
GHCND:USW00014914,FARGO HECTOR INTERNATIONAL AIRPORT ND US,20101018,3,-666,-666,10,-666,-666,29,-666,-666,140,2,2000,305,261,134,39,11,33,0,-9999,-9999,41,14,0,2,-9999,448,207,552,345,90,87,111,87
GHCND:USW00014914,FARGO HECTOR INTERNATIONAL AIRPORT ND US,20101019,3,-666,-666,10,-666,-666,28,-666,-666,147,2,2007,305,259,132,38,11,36,0,-9999,-9999,44,15,0,3,-9999,444,206,546,341,90,86,111,88
GHCND:USW00014914,FARGO HECTOR INTERNATIONAL AIRPORT ND US,20101020,3,-666,-666,10,-666,-666,28,-666,-666,154,2,2014,306,258,129,37,11,40,0,-9999,-9999,47,16,0,3,-9999,439,204,541,337,91,86,111,88
GHCND:USW00014914,FARGO HECTOR INTERNATIONAL AIRPORT ND US,20101021,3,-666,-666,9,-666,-666,27,-666,-666,160,3,2020,306,256,127,36,10,45,0,-9999,-9999,50,17,0,3,-9999,434,202,535,333,91,86,112,88
GHCND:USW00014914,FARGO HECTOR INTERNATIONAL AIRPORT ND US,20101022,3,-666,-666,9,-666,-666,27,-666,-666,167,3,2027,306,255,125,35,10,50,0,-9999,-9999,54,19,0,4,-9999,429,201,530,329,92,85,112,89
GHCND:USW00014914,FARGO HECTOR INTERNATIONAL AIRPORT ND US,20101023,3,-666,-666,9,-666,-666,26,-666,-666,173,3,2033,306,254,123,34,10,55,-9999,-9999,-9999,57,20,0,5,-9999,424,199,524,325,92,85,113,89
GHCND:USW00014914,FARGO HECTOR INTERNATIONAL AIRPORT ND US,20101024,2,-666,-666,9,-666,-666,26,-666,-666,179,4,2039,307,253,122,34,9,60,-9999,-9999,-9999,61,21,0,5,-9999,419,197,518,321,93,85,113,90
GHCND:USW00014914,FARGO HECTOR INTERNATIONAL AIRPORT ND US,20101025,2,-666,-666,8,-666,-666,25,-666,-666,185,4,2045,307,252,120,33,9,67,-9999,-9999,-9999,65,23,0,6,-9999,414,196,512,316,94,84,114,90
GHCND:USW00014914,FARGO HECTOR INTERNATIONAL AIRPORT ND US,20101026,2,-666,-666,8,-666,-666,25,-666,-666,191,4,2051,308,251,118,32,9,74,-9999,-9999,-9999,69,24,0,7,-9999,409,194,506,312,94,84,114,91
GHCND:USW00014914,FARGO HECTOR INTERNATIONAL AIRPORT ND US,20101027,2,-666,-666,8,-666,-666,24,-666,-666,196,5,2056,308,250,116,31,8,82,-9999,-9999,-9999,73,26,0,7,-9999,404,192,500,307,95,84,115,91
GHCND:USW00014914,FARGO HECTOR INTERNATIONAL AIRPORT ND US,20101028,2,-666,-666,8,-666,-666,24,-666,-666,201,5,2061,309,249,115,30,8,91,-9999,-9999,-9999,77,28,0,8,-9999,398,191,494,303,96,83,115,92
GHCND:USW00014914,FARGO HECTOR INTERNATIONAL AIRPORT ND US,20101029,2,-666,-666,8,-666,-666,23,-666,-666,206,6,2066,309,248,113,30,8,100,-9999,-9999,-9999,82,30,0,9,-9999,393,189,488,298,96,83,116,93
GHCND:USW00014914,FARGO HECTOR INTERNATIONAL AIRPORT ND US,20101030,2,-666,-666,7,-666,-666,22,-666,-666,211,6,2071,310,247,112,29,7,110,-9999,-9999,-9999,86,32,0,10,-9999,387,188,481,294,97,82,116,94
GHCND:USW00014914,FARGO HECTOR INTERNATIONAL AIRPORT ND US,20101031,2,-666,-666,7,-666,-666,22,-666,-666,215,7,2075,310,246,110,28,7,121,-9999,-9999,-9999,91,34,0,11,-9999,382,186,475,289,98,82,117,94
GHCND:USW00014914,FARGO HECTOR INTERNATIONAL AIRPORT ND US,20101101,2,1,-666,7,2,-666,21,4,-666,4,1,2079,311,244,108,27,7,133,9,52,25,97,36,0,12,5,376,185,468,284,99,82,117,95
GHCND:USW00014914,FARGO HECTOR INTERNATIONAL AIRPORT ND US,20101102,2,1,-666,7,2,-666,21,4,-666,7,2,2082,312,243,107,26,6,146,11,59,29,102,38,0,13,6,370,183,462,279,99,81,118,96
GHCND:USW00014914,FARGO HECTOR INTERNATIONAL AIRPORT ND US,20101103,2,1,2,7,2,7,20,4,20,11,3,2086,313,242,105,25,6,159,14,67,33,107,40,0,14,6,364,182,455,274,100,81,118,97
GHCND:USW00014914,FARGO HECTOR INTERNATIONAL AIRPORT ND US,20101104,2,1,2,6,2,7,20,4,20,15,4,2090,315,242,103,24,5,172,16,75,38,112,43,0,15,7,358,180,449,268,101,80,119,98
GHCND:USW00014914,FARGO HECTOR INTERNATIONAL AIRPORT ND US,20101105,2,1,2,6,2,7,19,4,20,19,6,2094,316,241,102,23,5,186,19,83,42,117,45,0,16,7,353,179,442,263,102,80,119,100
GHCND:USW00014914,FARGO HECTOR INTERNATIONAL AIRPORT ND US,20101106,2,1,2,6,2,7,19,4,20,22,7,2097,317,241,101,22,5,200,21,92,47,122,47,1,17,8,346,178,435,258,103,79,119,101
GHCND:USW00014914,FARGO HECTOR INTERNATIONAL AIRPORT ND US,20101107,2,1,2,6,2,6,19,5,20,26,9,2101,319,241,99,22,4,214,24,101,52,128,49,1,19,8,340,176,429,252,104,79,120,102
GHCND:USW00014914,FARGO HECTOR INTERNATIONAL AIRPORT ND US,20101108,2,1,2,6,2,7,18,5,20,30,11,2105,321,241,98,21,4,229,27,110,56,134,52,1,20,9,334,175,422,247,105,79,120,103
GHCND:USW00014914,FARGO HECTOR INTERNATIONAL AIRPORT ND US,20101109,2,1,2,6,2,7,18,5,20,34,13,2109,323,240,96,20,3,243,30,120,61,139,54,1,21,9,328,174,415,241,105,78,120,104
GHCND:USW00014914,FARGO HECTOR INTERNATIONAL AIRPORT ND US,20101110,2,1,2,6,2,7,18,5,20,37,15,2112,325,239,95,19,3,258,33,129,67,144,56,1,22,10,322,173,408,235,106,78,120,105
GHCND:USW00014914,FARGO HECTOR INTERNATIONAL AIRPORT ND US,20101111,2,1,2,6,2,7,17,5,20,41,17,2116,327,239,93,18,3,273,37,139,72,149,58,1,23,10,316,172,401,230,107,77,120,106
GHCND:USW00014914,FARGO HECTOR INTERNATIONAL AIRPORT ND US,20101112,2,1,2,6,2,7,17,5,20,45,20,2120,330,239,92,18,3,288,41,149,78,153,61,1,24,11,309,171,395,224,107,77,120,107
GHCND:USW00014914,FARGO HECTOR INTERNATIONAL AIRPORT ND US,20101113,2,1,2,5,2,7,17,5,20,48,23,2123,333,238,91,17,2,302,44,159,83,158,63,1,25,11,303,170,388,218,108,77,120,108
GHCND:USW00014914,FARGO HECTOR INTERNATIONAL AIRPORT ND US,20101114,2,1,2,5,2,7,16,5,20,52,25,2127,336,238,90,17,2,318,48,170,89,163,65,1,25,12,297,169,381,212,108,76,120,109
GHCND:USW00014914,FARGO HECTOR INTERNATIONAL AIRPORT ND US,20101115,2,1,2,5,2,7,16,5,19,55,28,2130,338,238,89,16,2,334,52,181,95,168,67,1,26,12,290,168,375,206,109,76,120,110
GHCND:USW00014914,FARGO HECTOR INTERNATIONAL AIRPORT ND US,20101116,2,1,2,5,3,7,16,5,19,58,31,2133,341,239,88,16,2,350,57,192,102,173,70,1,27,13,284,168,368,200,109,75,119,111
GHCND:USW00014914,FARGO HECTOR INTERNATIONAL AIRPORT ND US,20101117,2,1,2,5,3,7,16,6,19,62,34,2137,345,239,88,16,2,366,62,204,109,178,72,1,28,13,278,167,361,194,109,75,119,111
GHCND:USW00014914,FARGO HECTOR INTERNATIONAL AIRPORT ND US,20101118,2,1,2,5,3,7,16,6,19,65,38,2140,348,240,88,15,1,383,67,216,116,183,74,1,29,14,272,166,355,189,109,74,119,112
GHCND:USW00014914,FARGO HECTOR INTERNATIONAL AIRPORT ND US,20101119,2,2,2,5,3,7,16,6,20,68,41,2143,351,241,87,15,1,401,72,228,124,188,76,1,30,14,266,166,348,183,110,74,119,113
GHCND:USW00014914,FARGO HECTOR INTERNATIONAL AIRPORT ND US,20101120,2,2,2,5,3,7,15,6,19,72,44,2147,354,242,87,15,1,418,77,240,131,193,78,1,31,15,259,165,342,177,110,74,118,113
GHCND:USW00014914,FARGO HECTOR INTERNATIONAL AIRPORT ND US,20101121,2,2,2,5,3,7,15,6,19,75,47,2150,358,243,86,14,1,435,82,253,138,198,80,1,31,15,253,165,336,171,110,74,118,114
GHCND:USW00014914,FARGO HECTOR INTERNATIONAL AIRPORT ND US,20101122,2,2,2,5,3,7,15,7,19,78,51,2153,361,244,85,14,1,452,88,265,146,204,82,1,32,15,247,164,329,165,111,73,118,115
GHCND:USW00014914,FARGO HECTOR INTERNATIONAL AIRPORT ND US,20101123,2,2,2,5,3,7,15,7,19,81,54,2156,364,246,85,13,1,469,94,277,153,209,84,1,32,15,241,164,323,160,111,73,118,116
GHCND:USW00014914,FARGO HECTOR INTERNATIONAL AIRPORT ND US,20101124,2,2,2,5,3,7,14,7,19,83,58,2158,368,247,84,13,1,486,99,288,160,213,86,1,33,15,236,164,317,154,112,73,118,116
GHCND:USW00014914,FARGO HECTOR INTERNATIONAL AIRPORT ND US,20101125,2,2,2,5,3,7,14,7,19,86,61,2161,371,248,84,13,0,502,105,299,167,218,87,1,33,15,230,163,311,148,112,73,118,117
GHCND:USW00014914,FARGO HECTOR INTERNATIONAL AIRPORT ND US,20101126,2,2,2,5,3,6,14,7,19,89,65,2164,375,250,83,12,0,518,110,310,174,223,89,1,33,15,224,163,306,143,113,73,119,118
GHCND:USW00014914,FARGO HECTOR INTERNATIONAL AIRPORT ND US,20101127,2,2,2,5,3,6,14,8,18,92,68,2167,378,251,82,12,0,533,115,321,182,228,90,1,34,15,219,163,300,137,113,73,119,119
GHCND:USW00014914,FARGO HECTOR INTERNATIONAL AIRPORT ND US,20101128,2,2,2,5,3,6,14,8,18,94,72,2169,382,252,81,12,0,547,119,331,189,232,92,1,34,15,213,163,294,132,114,72,119,120
GHCND:USW00014914,FARGO HECTOR INTERNATIONAL AIRPORT ND US,20101129,2,2,2,4,3,6,13,8,18,97,75,2172,385,253,80,11,0,561,124,341,196,236,93,1,33,15,208,162,289,127,115,72,120,121
GHCND:USW00014914,FARGO HECTOR INTERNATIONAL AIRPORT ND US,20101130,2,2,2,4,3,6,13,8,18,100,79,2175,389,255,80,11,0,574,128,351,203,240,93,1,33,15,203,162,284,121,116,72,120,122
GHCND:USW00014914,FARGO HECTOR INTERNATIONAL AIRPORT ND US,20101201,2,2,2,4,3,6,13,8,17,3,3,2178,393,256,79,11,0,586,132,360,211,244,94,-9999,33,15,197,162,279,116,117,72,121,124
GHCND:USW00014914,FARGO HECTOR INTERNATIONAL AIRPORT ND US,20101202,2,2,2,4,3,6,12,8,17,6,7,2181,396,258,78,11,0,598,135,369,218,248,96,-9999,33,15,193,162,274,111,118,72,122,125
GHCND:USW00014914,FARGO HECTOR INTERNATIONAL AIRPORT ND US,20101203,2,2,2,4,3,6,12,8,17,8,10,2183,399,260,78,10,0,609,138,378,226,252,97,-9999,33,15,188,162,269,107,119,72,123,126
GHCND:USW00014914,FARGO HECTOR INTERNATIONAL AIRPORT ND US,20101204,2,2,2,4,3,6,12,8,17,11,14,2186,403,262,77,10,0,621,141,387,234,256,98,-9999,33,14,183,162,264,102,120,72,124,127
GHCND:USW00014914,FARGO HECTOR INTERNATIONAL AIRPORT ND US,20101205,2,2,2,4,3,6,12,8,17,14,17,2189,406,264,77,10,0,632,144,396,242,259,98,-9999,33,14,178,162,259,97,121,72,125,128
GHCND:USW00014914,FARGO HECTOR INTERNATIONAL AIRPORT ND US,20101206,2,2,2,4,3,6,12,9,16,16,21,2191,410,265,77,10,0,642,147,405,250,263,99,-9999,33,14,174,162,255,93,122,72,126,129
GHCND:USW00014914,FARGO HECTOR INTERNATIONAL AIRPORT ND US,20101207,2,2,2,4,3,6,12,9,16,19,24,2194,413,266,77,9,0,652,150,414,259,266,99,-9999,33,14,169,162,250,89,123,72,127,130
GHCND:USW00014914,FARGO HECTOR INTERNATIONAL AIRPORT ND US,20101208,2,2,2,4,4,6,12,9,16,22,28,2197,417,268,77,9,0,662,152,423,267,269,100,-9999,34,14,165,162,246,84,124,72,128,131
GHCND:USW00014914,FARGO HECTOR INTERNATIONAL AIRPORT ND US,20101209,2,2,2,4,4,6,12,9,16,24,31,2199,420,270,77,9,0,672,154,431,276,272,101,-9999,34,14,161,162,242,80,125,72,129,132
GHCND:USW00014914,FARGO HECTOR INTERNATIONAL AIRPORT ND US,20101210,2,2,2,4,4,6,12,9,16,27,35,2202,424,272,77,9,0,681,156,440,285,276,101,-9999,34,13,157,162,238,76,126,72,130,133
GHCND:USW00014914,FARGO HECTOR INTERNATIONAL AIRPORT ND US,20101211,2,2,2,4,4,6,12,9,16,29,38,2204,427,274,77,9,0,691,158,448,294,279,102,-9999,34,13,153,162,235,72,127,72,131,134
GHCND:USW00014914,FARGO HECTOR INTERNATIONAL AIRPORT ND US,20101212,2,2,2,4,4,6,12,9,16,32,41,2207,430,276,78,9,0,700,160,456,303,282,102,-9999,34,13,150,162,231,69,128,72,132,134
GHCND:USW00014914,FARGO HECTOR INTERNATIONAL AIRPORT ND US,20101213,2,2,2,4,4,5,12,9,15,34,44,2209,433,278,78,9,0,710,161,464,312,285,103,-9999,35,13,146,162,227,65,129,73,132,135
GHCND:USW00014914,FARGO HECTOR INTERNATIONAL AIRPORT ND US,20101214,2,2,2,4,4,5,12,9,15,37,48,2212,437,280,78,9,0,719,162,472,321,288,104,-9999,35,13,143,163,224,61,130,73,133,136
GHCND:USW00014914,FARGO HECTOR INTERNATIONAL AIRPORT ND US,20101215,2,2,2,4,4,5,12,9,15,39,51,2214,440,282,78,9,0,727,163,479,330,291,104,-9999,35,13,139,163,221,58,131,73,134,137
GHCND:USW00014914,FARGO HECTOR INTERNATIONAL AIRPORT ND US,20101216,2,2,2,4,4,5,12,9,15,42,55,2217,444,283,79,9,0,735,164,487,339,293,105,-9999,35,13,136,163,218,55,132,73,135,138
GHCND:USW00014914,FARGO HECTOR INTERNATIONAL AIRPORT ND US,20101217,2,2,2,4,4,5,12,9,15,44,58,2219,447,285,79,8,0,742,164,493,348,296,105,-9999,35,13,133,163,215,52,133,73,136,139
GHCND:USW00014914,FARGO HECTOR INTERNATIONAL AIRPORT ND US,20101218,2,2,2,4,5,5,12,9,15,47,62,2222,451,286,78,8,0,748,164,500,356,298,106,-9999,35,13,130,163,212,49,134,73,137,140
GHCND:USW00014914,FARGO HECTOR INTERNATIONAL AIRPORT ND US,20101219,2,2,2,4,5,5,12,9,15,50,65,2225,454,287,78,8,0,754,164,506,365,299,106,-9999,35,13,127,164,209,46,134,73,137,141
GHCND:USW00014914,FARGO HECTOR INTERNATIONAL AIRPORT ND US,20101220,2,2,2,4,5,5,12,9,15,52,69,2227,458,288,78,8,0,759,163,512,374,301,106,-9999,36,13,125,164,207,43,135,73,138,142
GHCND:USW00014914,FARGO HECTOR INTERNATIONAL AIRPORT ND US,20101221,2,2,2,4,5,5,12,9,15,55,72,2230,462,288,78,8,0,764,163,518,382,302,106,-9999,36,13,122,164,204,40,136,73,138,143
GHCND:USW00014914,FARGO HECTOR INTERNATIONAL AIRPORT ND US,20101222,2,2,2,4,5,5,12,9,15,58,76,2233,465,288,78,8,0,769,162,525,391,303,106,-9999,36,13,120,165,202,37,137,74,139,144
GHCND:USW00014914,FARGO HECTOR INTERNATIONAL AIRPORT ND US,20101223,2,2,2,4,5,5,11,9,15,60,80,2235,469,288,78,8,0,773,162,531,400,304,106,-9999,36,13,117,165,200,35,137,74,139,145
GHCND:USW00014914,FARGO HECTOR INTERNATIONAL AIRPORT ND US,20101224,2,2,2,4,5,5,11,9,15,63,84,2238,473,288,77,8,0,776,161,537,408,305,105,-9999,36,13,115,166,198,32,138,74,140,145
GHCND:USW00014914,FARGO HECTOR INTERNATIONAL AIRPORT ND US,20101225,2,2,2,4,5,5,11,9,14,66,88,2241,477,288,77,8,0,780,162,542,417,305,105,-9999,36,13,113,166,196,30,138,74,140,146
GHCND:USW00014914,FARGO HECTOR INTERNATIONAL AIRPORT ND US,20101226,2,2,2,4,5,5,11,9,14,69,92,2244,481,289,77,8,0,783,162,548,425,306,105,-9999,36,13,111,167,194,27,139,74,141,147
GHCND:USW00014914,FARGO HECTOR INTERNATIONAL AIRPORT ND US,20101227,1,2,2,4,6,5,11,9,14,72,96,2247,485,289,77,7,0,786,163,553,433,307,104,-9999,36,13,109,167,192,25,139,74,141,147
GHCND:USW00014914,FARGO HECTOR INTERNATIONAL AIRPORT ND US,20101228,1,2,2,3,6,5,11,9,14,75,100,2250,489,290,77,7,0,790,164,558,441,308,104,-9999,36,13,107,168,190,23,140,74,141,148
GHCND:USW00014914,FARGO HECTOR INTERNATIONAL AIRPORT ND US,20101229,1,2,2,3,6,5,11,9,15,78,104,2253,493,290,77,7,0,793,166,564,448,308,104,-9999,36,14,105,168,189,21,140,74,141,148
GHCND:USW00014914,FARGO HECTOR INTERNATIONAL AIRPORT ND US,20101230,1,2,2,3,6,5,11,9,14,80,108,2255,497,291,78,7,0,796,168,569,456,308,103,-9999,36,14,103,169,187,19,140,74,141,149
GHCND:USW00014914,FARGO HECTOR INTERNATIONAL AIRPORT ND US,20101231,1,2,2,3,6,5,11,9,14,83,112,2258,501,290,77,7,0,799,170,574,463,308,103,-9999,36,14,101,170,186,17,140,74,141,149
